record_id,total_inflow_btc,total_outflow_btc,avg_tx_value,tx_count_in,tx_count_out,active_duration_days,in_out_ratio,temporal_entropy,address_count,entity_label
1,1872.7068,4470.4726,44.548705,11311,18682,1113,7.3181,0.3134,13545,9
2,4753.572,4732.2831,28.474906,10165,3167,2778,2.5939,0.9025,10085,2
3,3659.9724,4462.7922,41.619569,18178,9512,1834,4.0134,0.2289,2816,5
4,2993.2964,2097.2458,49.581218,5704,184,1315,9.8333,0.191,4675,2
5,780.1016,3901.8297,8.180894,10650,9476,3494,2.5236,0.519,5197,8
6,779.981,2381.6839,34.588913,12673,19231,3139,3.8261,0.6725,4585,2
7,290.4275,2487.7043,33.714711,4156,11333,3113,3.0808,0.0443,5022,1
8,4330.8821,1023.4085,48.997774,2612,15174,99,1.1853,0.2211,6231,8
9,3005.579,2955.6556,49.280038,18978,9989,3926,4.95,0.4557,9980,7
10,3540.3658,930.6876,34.333962,16480,4723,1480,3.849,0.331,10183,7
11,102.9323,1657.8302,12.180815,9181,15195,4397,6.9794,0.7126,12510,1
12,4849.5496,4275.1525,39.927812,9305,17167,1223,8.1942,0.5112,10653,5
13,4162.2149,1035.387,5.351546,14611,17892,4584,5.4881,0.1604,2632,4
14,1061.7034,355.8007,39.034987,8438,14073,1005,0.4187,0.8945,6346,1
15,909.133,345.0473,45.509815,10351,15977,477,6.2273,0.2929,8097,4
16,917.0307,4703.9232,19.141731,12522,5856,1136,0.6484,0.7311,14907,3
17,1521.2182,2534.6071,31.531802,19734,13295,2857,6.2019,0.7799,10461,8
18,2623.7869,2047.0663,21.507194,6561,12047,1706,6.8818,0.9632,6301,0
19,2159.7308,4054.3948,21.888309,5248,677,518,2.0579,0.4985,7349,5
20,1456.1528,4179.1313,15.518613,4078,4091,1221,8.2115,0.6158,5845,6
21,3059.2684,1660.9618,38.106505,10859,12499,2507,9.1197,0.3349,2177,5
22,697.4779,3468.0934,46.808835,11392,12778,4326,8.1496,0.6782,5363,4
23,1460.7303,3855.6164,47.037549,10947,19071,1192,3.1206,0.4634,8098,3
24,1831.8156,3273.2569,8.739147,15187,8383,3881,5.9078,0.4377,13484,4
25,2280.3554,757.9839,43.737195,1418,15007,3244,9.1567,0.8555,13815,8
26,3925.882,4379.4167,36.871598,16495,9035,1978,3.2746,0.0502,5600,4
27,998.3769,2695.4774,12.641945,8955,8527,2243,8.2183,0.882,9069,9
28,2571.177,1412.3693,3.364324,13592,13931,3091,0.1938,0.8521,14606,7
29,2962.0769,2126.1467,13.399937,7392,1111,1888,0.1361,0.5064,11685,6
30,232.2616,187.8651,45.610421,11365,16963,4560,7.6211,0.4902,4259,3
31,3037.7282,639.3427,31.65897,10372,16446,974,7.6383,0.3618,9147,9
32,852.6289,3827.7361,36.052761,2505,387,66,7.9109,0.9942,4120,4
33,325.2673,0.0682,12.857692,5240,18585,2907,9.3073,0.1112,6641,6
34,4744.4282,2082.835,35.969436,16677,12907,571,1.2673,0.5902,4289,5
35,4828.1605,2612.5557,1.406173,18119,1684,3893,2.3967,0.6817,878,2
36,4041.9887,273.1816,18.76613,5121,15034,308,9.0469,0.9343,4486,9
37,1523.0758,4865.3911,31.337705,6394,15709,3409,1.8546,0.7802,2545,2
38,488.3696,1130.6344,7.304914,2197,6322,3743,6.8541,0.6438,5060,1
39,3421.1683,1521.0006,41.150196,3467,8679,783,5.3516,0.1168,10369,2
40,2200.7681,1519.7195,11.751641,1907,11925,4217,0.9236,0.3737,7165,9
41,610.2,1152.091,32.61409,18106,13566,766,2.9241,0.1388,2601,0
42,2475.8896,7.3791,20.259917,11884,8733,3476,5.2517,0.8812,11300,8
43,171.9523,3646.7267,29.80222,15438,5632,773,8.5383,0.7496,3529,1
44,4546.6029,4834.2278,5.372617,14498,10253,3858,7.1046,0.7575,2409,2
45,1293.9073,1121.4752,0.845738,1817,12439,3186,6.2566,0.6523,4861,4
46,3312.6148,3315.2393,45.47823,10714,5170,540,5.0107,0.507,10166,9
47,1558.5623,3709.4842,13.481573,3850,6788,2050,3.057,0.15,3949,3
48,2600.3449,4242.1284,40.983868,6850,5233,3284,1.2805,0.3297,9431,4
49,2733.5559,2113.1518,49.967515,1059,4289,4676,4.1499,0.1369,2335,5
50,924.2804,1514.6615,10.571642,11731,6735,1664,0.3823,0.7249,768,4
51,4847.9234,1626.4824,13.258611,18707,17465,1048,2.1895,0.1602,10609,9
52,3875.6664,3563.1095,33.143023,17333,6241,3837,4.3816,0.7021,13781,0
53,4697.4953,4083.8992,48.272435,4360,16582,3440,4.2442,0.6923,13187,5
54,4474.1378,908.078,45.790726,12810,7815,506,0.5385,0.4593,11738,8
55,2989.5039,1854.7113,25.143826,5661,10387,3248,5.9317,0.1352,13373,2
56,4609.372,4509.702,39.755535,7255,7852,3501,5.5419,0.3148,10502,1
57,442.4716,4033.4695,6.787379,12823,1601,1911,0.8732,0.3201,4884,5
58,979.9224,4924.2922,48.871911,2094,6867,733,9.4373,0.7004,4207,2
59,226.146,3771.2438,48.217665,11731,3693,3514,1.0839,0.1137,5949,3
60,1626.6584,1965.9821,8.186532,17948,19468,1572,8.5629,0.8291,7086,5
61,1943.3926,2953.1933,14.971226,8218,333,4610,0.1031,0.761,12429,5
62,1356.7524,3305.0747,5.00784,16559,13710,2943,8.8346,0.1863,745,1
63,4143.6893,392.2883,13.585953,17719,14110,4457,0.2952,0.7192,10775,2
64,1783.7731,2722.4894,40.797808,16706,14848,2322,7.6023,0.6685,4175,8
65,1404.6797,3546.607,18.915843,12343,14508,3336,3.6807,0.7481,9710,1
66,2713.485,836.6148,4.41994,12240,9964,4623,7.4083,0.1889,7199,2
67,704.6297,3903.1608,17.111342,13855,6107,4375,4.0773,0.1576,2557,8
68,4010.9869,2918.8681,49.069169,13898,7334,2754,0.802,0.2365,5067,3
69,372.7625,4761.1094,31.484217,11420,16059,1373,7.6983,0.3659,7798,0
70,4934.4348,212.1211,20.808106,10065,6656,1445,0.8054,0.7937,4162,1
71,3861.2261,1326.638,8.327009,15004,5309,3377,9.229,0.7379,13822,2
72,993.5864,3007.7734,49.308841,10260,19106,290,0.6046,0.9255,12176,8
73,27.6205,1482.8066,41.042468,5675,1065,2066,4.8453,0.0586,9587,8
74,4077.309,3572.1237,14.073937,5003,9081,64,7.258,0.0116,287,5
75,3534.2897,3795.0288,3.503528,911,11116,3946,3.9931,0.6991,3248,5
76,3645.0386,512.5888,2.831372,950,6821,330,2.2506,0.2793,12411,2
77,3856.354,2569.2772,6.018995,18899,8513,4859,7.615,0.3341,10795,4
78,370.2325,2544.4577,29.038471,11524,3958,1964,7.8645,0.5468,5100,3
79,1792.3351,1846.4102,46.438178,11222,18767,3089,9.2347,0.1024,4,9
80,579.3541,4664.625,24.837222,16485,19616,2491,3.824,0.6427,5936,9
81,4315.5185,4137.5333,42.14729,4647,7009,141,5.1119,0.3251,412,8
82,3116.4944,3486.0499,22.294386,6946,16045,4540,3.695,0.6327,4346,8
83,1654.4968,3571.636,35.429206,2401,17885,2474,2.6451,0.834,3728,0
84,317.8011,2308.5861,36.593664,11564,14688,3904,7.5352,0.1711,13799,7
85,1554.9185,4604.9734,8.698268,18728,17953,450,3.4626,0.9309,10110,8
86,1625.9234,3472.9802,18.060867,353,19666,1826,4.3387,0.5307,1357,4
87,3648.0336,3644.908,31.865144,19340,9712,4447,4.0964,0.9229,14789,3
88,3187.791,4308.4559,3.534923,15490,18250,4695,7.1553,0.2077,8350,9
89,4436.0648,1370.3652,18.077073,1019,9598,4807,9.1862,0.6046,1601,3
90,2361.0799,4035.3564,26.74002,17564,15255,870,6.7009,0.4039,11077,1
91,597.98,976.2111,49.811225,5194,16389,3565,4.7687,0.7742,7158,8
92,3566.2268,1726.7163,23.726731,15702,14370,3660,7.8141,0.6059,5707,4
93,3803.9276,1678.0589,40.802856,3537,7960,3603,6.4456,0.4945,11682,2
94,2806.3904,4892.6276,21.603421,15450,17553,393,0.7,0.913,5560,5
95,3854.8382,4282.6876,39.819556,11843,18783,842,1.0471,0.3771,7197,8
96,2468.983,3505.8523,29.770781,18887,19015,2449,0.4754,0.22,5074,8
97,2613.6689,3635.2865,44.329783,3820,6609,2792,4.6225,0.6081,2383,4
98,2137.7108,2810.3684,20.547187,17364,348,2954,8.2759,0.624,13550,7
99,127.1054,4735.4539,30.215261,977,12413,1359,3.1995,0.4391,153,3
100,539.4661,2481.2988,31.500971,18665,10006,991,3.9032,0.4866,9822,4
101,157.1556,1902.5947,20.869205,5898,19727,1039,9.1038,0.9596,2797,6
102,3182.0557,815.1851,7.215688,15958,6501,28,8.3853,0.7327,11074,6
103,1571.7868,3931.0304,4.678061,15360,2575,388,6.684,0.1106,7283,6
104,2542.8584,3672.2223,0.833676,13241,5273,833,2.7414,0.2121,6952,7
105,4537.8333,1921.7813,43.676726,108,16533,250,1.2587,0.9756,11995,4
106,1246.4687,125.9768,11.823822,15525,8695,2028,0.259,0.7265,2806,0
107,2051.9205,4194.9882,10.575416,1627,17254,1529,1.1594,0.915,4081,8
108,3777.7581,57.0998,36.801796,6230,3522,4194,2.9967,0.3039,11663,8
109,1143.9985,3518.5019,16.000874,6878,1301,1839,5.5627,0.7419,9248,6
110,384.9088,4851.2858,25.302284,875,12226,1361,0.7336,0.714,10772,5
111,1448.7644,2188.3123,8.125637,5544,11482,3110,1.4487,0.2947,12341,4
112,806.1148,1174.8747,47.98729,3810,12046,1324,1.8927,0.5508,10958,4
113,4648.489,3524.358,42.579085,10604,18836,2227,6.3566,0.6274,5851,2
114,4040.6038,4085.6425,43.189495,2108,4386,3681,6.1963,0.4811,7363,9
115,3167.0224,2732.1561,20.338747,11746,14756,892,5.5526,0.8272,1329,0
116,4357.3042,4835.1767,38.118084,9466,2825,1306,2.58,0.8329,12237,5
117,4018.3623,258.3531,7.193893,560,5965,4549,3.7741,0.8506,2393,7
118,932.8584,2523.9829,0.431049,8309,17371,4193,1.0572,0.8034,3154,1
119,4462.7961,3592.2726,0.998745,15251,19875,262,2.342,0.4881,8193,7
120,2696.7158,4313.2037,29.330128,13256,3768,2341,8.9873,0.3814,167,7
121,4037.2027,896.2863,22.7698,3047,13577,1794,9.7989,0.8314,14653,9
122,4480.4575,4000.0194,25.900816,13857,12269,2297,6.5118,0.4902,3255,7
123,1590.0242,2763.5399,0.373256,16428,18391,2293,9.1766,0.2464,5061,9
124,550.2685,1982.7744,21.134389,509,7926,2171,6.4631,0.5073,1886,2
125,1139.6835,658.5838,35.903436,6108,3108,325,0.4286,0.1418,4369,9
126,2135.5447,4326.4801,22.134741,13477,19715,986,9.9679,0.6916,13981,7
127,4090.0756,786.3745,36.610987,3440,8723,4783,1.0796,0.3359,14709,3
128,4303.6543,1548.9462,11.651025,13137,17308,3853,6.8582,0.2607,7530,2
129,34.7706,1450.2348,40.657119,14168,18281,1740,2.6031,0.9565,900,8
130,2553.7414,4357.0715,29.421603,17301,7884,1861,3.9806,0.7769,2249,7
131,2087.0608,3363.5182,10.538234,17183,19709,3138,6.4947,0.7871,11456,9
132,1110.5468,3983.409,11.8361,4972,13454,3899,4.4212,0.6237,3413,1
133,599.3356,1252.347,31.40156,18145,17198,836,2.5804,0.8392,11770,7
134,1688.0825,3124.3742,41.496997,19660,7619,4155,3.411,0.7592,10380,2
135,4714.5491,2858.7342,20.781448,15884,783,2779,3.4813,0.5988,6450,9
136,1616.0214,4164.1536,12.915096,819,14643,1397,9.5973,0.9611,9412,5
137,2593.9579,4530.4362,43.350594,10361,7790,1677,8.0063,0.1916,3133,4
138,3515.0978,60.7937,33.463448,11928,14003,4332,4.6396,0.9434,8156,7
139,1818.1544,3370.1029,22.40433,16024,19524,4314,2.0782,0.4014,8137,8
140,4858.9107,259.1885,24.395061,3066,11982,1838,8.1291,0.5284,360,6
141,4812.2369,2744.2978,10.212903,3260,5008,3722,1.6561,0.1227,6451,5
142,1258.919,1438.1708,31.340169,17291,7576,3673,2.1836,0.5401,10232,5
143,2486.2476,1533.8899,17.93719,12301,19575,3023,3.7235,0.6112,7648,0
144,1504.3985,1764.799,49.782259,603,16185,4685,8.8154,0.9977,14669,4
145,1424.2096,3106.466,24.009228,4296,11295,1672,1.4047,0.9752,12130,7
146,184.4444,1670.2565,24.294332,9984,5638,917,1.3101,0.9664,11347,5
147,3047.8256,3663.4979,28.292633,3528,12771,918,4.9904,0.3484,8526,0
148,2513.4001,2022.6429,45.837808,1812,14543,1134,2.8365,0.9913,14853,4
149,257.4032,341.7753,40.040925,12104,10909,1837,5.7304,0.4555,731,4
150,1393.2395,3918.8014,22.556558,9033,16963,2139,4.5712,0.8518,7068,2
151,4541.3303,1428.7988,35.934991,12878,12700,4008,4.4061,0.2163,9690,7
152,1197.8171,2163.8401,29.311816,7964,1866,1906,1.2085,0.5058,1418,8
153,724.4829,3427.2226,24.618403,15225,1377,3990,1.4964,0.966,7768,5
154,2447.2689,1662.2875,9.615869,8917,14256,3486,8.2287,0.947,7889,5
155,4928.2524,282.9377,23.196867,6767,13648,4798,8.8702,0.6837,3764,1
156,1210.2839,1869.6115,12.291005,17187,5409,2121,2.4234,0.7978,9936,9
157,3360.681,4722.2435,45.742116,18967,8164,2733,1.2233,0.1764,6929,1
158,3808.1005,3208.6756,16.770407,1666,6284,2770,0.6288,0.7217,5697,5
159,1188.1953,3357.399,47.613206,15933,1977,1322,6.1221,0.6181,13692,7
160,3641.0845,3161.4144,26.652811,6976,6444,3717,7.182,0.0916,12309,1
161,1838.922,994.9687,31.577256,2553,13325,3355,3.7908,0.1132,10166,8
162,3161.5328,2091.6751,27.147068,13220,7596,1529,6.8288,0.1084,879,8
163,3167.6522,3754.7015,6.469118,14275,4921,4744,7.1583,0.7244,12465,3
164,2678.8781,506.8735,18.791123,12613,18272,760,9.3599,0.1417,5483,3
165,451.4579,1389.2711,4.957396,2809,17376,3413,0.7422,0.4677,14358,3
166,4176.5141,1381.6028,31.14774,11091,5229,1358,2.0037,0.357,2885,4
167,1603.9071,2160.1003,22.343765,12261,11749,2191,0.7784,0.5505,11200,7
168,932.6007,4901.8439,38.899271,15296,15716,3482,8.6931,0.7065,10788,1
169,203.8853,337.5221,11.023602,14838,14485,949,7.9466,0.6847,2298,4
170,2954.4688,2593.5098,8.228386,14670,6451,2080,5.789,0.5155,8853,1
171,3387.825,896.8316,20.316671,10524,19989,1767,0.9283,0.4643,11337,7
172,82.949,4853.383,46.329277,12763,17468,28,2.8058,0.3978,11355,0
173,2560.4702,566.5264,35.52112,13770,21,2471,3.0474,0.8619,13488,6
174,1132.4866,2018.011,20.946239,13732,14718,2539,5.6514,0.3309,12414,2
175,3225.8675,3689.4275,25.863657,11878,14581,160,2.6546,0.2594,7372,3
176,871.8404,3522.7751,4.210742,2457,10118,2893,0.8223,0.7433,3986,7
177,3454.6918,2113.649,49.228796,5424,9665,4114,7.3345,0.3598,1270,2
178,1933.6829,1732.6274,33.320399,14247,1100,3723,3.0609,0.847,12899,6
179,4683.6506,1988.0679,14.270275,12847,2638,3732,4.5785,0.3279,1295,0
180,687.6133,1321.3887,29.290461,4318,8582,2472,1.3639,0.7019,1010,8
181,1705.3383,1026.6726,5.474207,17941,7745,4851,8.0452,0.0451,10284,5
182,567.3765,2415.2037,48.291837,18590,19798,1571,5.6988,0.3856,1758,2
183,4623.4688,1342.6761,8.739332,12636,7458,837,9.0257,0.3432,10157,6
184,4386.698,1437.3154,32.401551,13471,10808,4990,5.0052,0.8167,7777,4
185,1289.7156,3283.7837,12.272799,13177,17739,3939,9.4201,0.9671,12836,7
186,3299.9236,4842.687,35.878097,9114,6403,2287,8.9295,0.4609,9384,7
187,4086.1128,3018.19,38.841091,13547,4522,3406,5.807,0.8248,6579,8
188,2776.0085,384.9066,33.671019,6806,16390,2671,9.3455,0.6997,8181,5
189,2648.2576,377.9273,30.725012,16789,8383,4113,3.2986,0.9674,9246,3
190,1209.269,4757.1166,44.623465,18005,12693,4748,3.7199,0.8111,2842,1
191,465.5229,1486.461,3.931428,19337,4354,4356,0.5502,0.0775,5717,2
192,4486.0798,460.344,16.545805,8081,15066,1628,5.9331,0.7133,2405,4
193,4502.0913,2995.2269,12.414449,3119,19935,1867,7.247,0.5355,3563,7
194,3165.511,3118.2477,49.400699,6631,14426,205,7.7578,0.0164,11897,9
195,1695.1556,3242.5276,19.46955,566,13112,3580,1.5832,0.2513,10015,1
196,1746.0544,1337.0175,36.630662,15702,8032,3175,4.4972,0.9218,1272,4
197,3629.7811,75.5633,34.23629,14860,15511,792,1.8509,0.9261,9912,8
198,4485.5523,4825.0772,10.604141,7671,5084,4093,6.6551,0.7989,8445,1
199,4435.4333,1254.4727,11.94996,19253,8817,3748,1.6637,0.9818,2769,7
200,3899.3799,3380.1347,14.0643,9477,12318,1106,9.0512,0.8065,9752,2
201,3210.1618,3533.1523,20.556423,8777,2176,1091,2.3833,0.0102,7802,7
202,420.709,3050.041,11.71633,15022,11342,1608,2.9849,0.2878,8929,3
203,808.152,1564.5438,0.982672,4328,17580,1840,8.524,0.0306,6143,3
204,4492.772,1355.4886,43.969665,15276,2070,3398,4.6388,0.0941,13188,6
205,3032.1492,2988.3454,48.280495,7615,3359,67,0.3376,0.2188,1929,4
206,45.9952,4330.4795,17.078585,1246,18823,4780,4.9964,0.5036,6267,3
207,507.3667,4733.6692,16.92541,8244,8809,1279,0.937,0.8475,5414,6
208,3317.5122,529.538,0.35469,10356,4245,4159,9.8549,0.862,6829,2
209,25.3179,774.1515,34.012566,538,19728,814,5.9223,0.6162,2191,8
210,804.0486,4723.6818,41.272012,15925,1812,403,2.6397,0.9282,1003,4
211,2743.6735,3682.6788,7.3305,16237,16556,2003,5.6808,0.5001,11178,2
212,3459.4791,4414.9703,7.983402,16925,17010,4167,0.861,0.889,10115,1
213,3259.8098,1013.1711,39.504183,17199,5907,2926,8.0189,0.4541,6655,6
214,1121.3543,2937.9335,30.814576,1416,7984,2994,9.2607,0.2772,8095,6
215,3560.899,3505.701,2.243123,11031,4064,1087,8.757,0.9164,6068,4
216,1186.2531,3400.5626,31.127387,1653,10447,4341,3.4834,0.3879,3753,3
217,1627.0052,2040.7644,15.445955,10858,8645,2567,3.3251,0.5034,6201,1
218,3732.4596,76.9843,18.436321,18741,9611,4489,0.4474,0.3289,4138,1
219,3248.168,2914.6345,38.486594,3811,8143,772,6.5489,0.6628,3703,6
220,4246.1186,1265.5152,40.546779,16570,754,3673,5.3956,0.995,11385,9
221,3288.0679,2251.2767,20.017891,1552,11565,3249,4.6475,0.0255,5944,6
222,2841.5473,4787.9055,47.357652,13585,6852,1670,9.0855,0.8998,12027,3
223,468.3829,1995.1826,20.323195,762,5105,1557,1.762,0.0039,4439,3
224,1838.5853,4199.0096,38.591825,12512,15191,2959,0.1957,0.3642,4428,3
225,1326.0192,942.7111,24.193915,9472,13422,1152,0.8258,0.1686,11720,1
226,1219.9558,3362.3058,44.876627,12468,11203,1218,2.3114,0.7573,5557,8
227,4865.053,4885.035,45.388071,6164,11104,2232,0.4295,0.0506,8533,0
228,1965.4947,509.4745,4.370932,16066,9418,4343,5.0782,0.5535,2389,7
229,4460.2339,41.6096,46.824673,11887,8360,3945,3.2095,0.2949,11680,5
230,3155.6968,2167.9196,41.27676,19666,3686,2043,1.8868,0.1337,6993,9
231,3974.0586,463.1365,39.565557,17921,9870,706,7.5258,0.7718,6326,6
232,2513.1904,3741.9243,10.045647,6202,18367,2670,2.1241,0.2174,1701,4
233,2884.5237,4572.7442,40.25598,19549,4945,2114,6.9073,0.2237,5384,5
234,2462.5935,2170.1105,42.506652,15581,15411,2978,3.5577,0.2751,1234,5
235,976.223,1293.5656,14.457588,19155,15472,4350,5.1671,0.5868,10763,8
236,3612.2634,2172.0223,47.613009,7400,9679,4379,9.3453,0.6597,14518,9
237,1403.869,3617.2419,2.493102,19820,8634,423,0.4698,0.0176,13756,3
238,121.5896,45.2807,7.495548,16946,8463,2022,5.0526,0.2419,2299,4
239,3227.365,2947.2741,26.879103,7624,13889,3794,8.5588,0.431,8330,3
240,885.5616,3066.4623,28.789666,10328,16728,4132,5.9209,0.332,10991,0
241,4702.2935,3188.4449,32.25754,7188,16204,531,2.841,0.8842,14790,9
242,4769.6433,1210.118,0.848555,2181,3082,91,4.037,0.7877,2931,5
243,4574.3228,3570.2665,48.018343,1961,9450,3373,6.8346,0.6259,12113,4
244,1850.7998,456.9665,2.2295,5154,15658,1943,8.919,0.338,12375,3
245,77.2929,996.3597,7.153183,7036,2292,3806,0.5066,0.7007,1834,5
246,4641.5935,4387.3515,0.700824,11472,1533,1241,0.8082,0.8436,14629,4
247,2140.9265,3693.6184,28.342965,19655,4363,1759,3.318,0.5948,2140,2
248,4833.2744,68.7376,46.613351,583,18038,98,2.4045,0.7845,8400,1
249,4818.1002,1241.8888,33.297392,15515,16016,1480,2.7228,0.7491,10426,5
250,4265.0487,1072.0403,41.132891,15532,4989,4627,2.2906,0.5717,10043,3
251,1472.2515,1354.0389,0.664159,16673,6345,1833,2.0387,0.3122,9880,9
252,1925.4948,1237.8064,27.100811,7980,8431,2586,1.3932,0.7458,10396,2
253,4255.6848,312.6409,22.978203,3061,15694,3648,9.3461,0.2068,6437,7
254,1584.6169,2294.708,24.948447,13732,9107,80,1.5275,0.7795,14869,8
255,847.472,3663.67,3.610752,12295,1439,4710,2.1236,0.8045,2209,6
256,2784.0107,3033.6626,34.2218,17568,19401,2224,2.538,0.8221,7554,1
257,4680.7745,3364.3616,25.16107,14275,14820,2570,9.3368,0.4729,13797,7
258,3480.152,405.7551,38.257466,17831,9653,1773,7.5816,0.1925,5623,4
259,2850.3101,4757.454,24.264583,16349,6390,4519,7.918,0.0997,9043,9
260,485.8915,4192.4608,7.469167,1904,3080,1124,1.1371,0.7434,10396,6
261,3075.04,4025.4535,32.412883,14552,6296,3812,8.3795,0.8863,6287,4
262,4950.2693,4114.9208,8.619401,15142,13704,3475,4.1411,0.6508,7937,1
263,700.4287,4663.5532,43.619741,2378,18643,2624,2.7019,0.1442,3691,3
264,2591.6531,2721.2744,30.655851,848,8559,1404,5.7999,0.9349,11548,4
265,4386.8666,1001.4181,7.860278,14381,19376,2579,8.2396,0.9891,2610,5
266,3703.8457,3083.9219,48.116907,17624,3742,332,7.8087,0.4334,6179,4
267,3485.0817,3714.41,25.918321,9525,13882,4749,8.911,0.5948,224,9
268,3512.4234,3689.5896,3.645015,15232,16470,3609,9.2885,0.7772,14729,0
269,1797.4622,2607.2499,31.341683,11699,15415,740,2.4574,0.7364,14744,0
270,1467.9663,342.3029,12.66002,10572,14330,4607,4.2962,0.9678,3775,2
271,4046.8077,1855.571,40.184692,12315,18878,42,0.2448,0.1149,9604,8
272,4050.5689,4603.8338,40.891122,11430,16383,4981,8.8053,0.5807,14008,1
273,4335.3629,2922.2487,48.94737,2366,8324,3879,1.6303,0.6919,7917,9
274,4566.2036,2691.6643,25.093526,10605,7589,1950,8.6286,0.8901,12585,4
275,2556.7169,1344.2749,22.747898,11367,904,3461,3.3609,0.8741,8515,8
276,2507.5865,1842.2509,37.673805,5056,11649,2129,3.7445,0.978,5974,6
277,3991.4779,4476.7315,6.62362,5623,9956,4498,0.4874,0.5121,9704,7
278,3249.8232,3332.3186,27.345821,16757,2805,2155,3.3361,0.8308,2087,1
279,3509.8374,3936.9373,27.312425,7784,17611,1238,8.8948,0.4273,12793,4
280,3978.9654,2271.7326,4.473747,1950,1285,1767,0.3529,0.4223,6897,8
281,4450.0278,3151.2398,20.899262,16629,690,1842,4.1226,0.2533,13849,0
282,1689.9824,1241.9256,42.664255,10033,4783,506,0.4109,0.8182,7484,0
283,1877.921,3527.3071,42.807695,11620,4508,1842,3.7721,0.9858,7664,9
284,469.9188,2138.0124,4.961973,16509,1997,4816,1.8091,0.2563,7285,7
285,2891.4049,2212.7331,4.536135,12825,16814,1395,2.597,0.0561,5462,1
286,179.721,3246.6151,13.134848,10946,8632,257,8.7882,0.8155,2288,8
287,2327.9954,4681.4037,43.738316,1920,4508,1721,4.4169,0.6202,8879,9
288,2713.2277,320.0411,6.445216,9828,528,1072,2.8106,0.9597,10210,8
289,1432.7134,4123.7179,35.999868,9618,2997,1623,5.9344,0.2522,9661,3
290,2954.1704,1461.9226,5.058371,9733,3468,4993,1.5069,0.071,12116,1
291,152.5109,2219.6028,31.15693,531,17746,2067,2.668,0.4924,4836,2
292,186.7506,109.5764,17.803429,7850,14773,1070,5.5079,0.0855,9189,9
293,4113.0046,1505.2374,39.445719,6930,704,451,2.4515,0.2618,2535,0
294,1800.9596,2513.1612,11.684599,4350,663,898,6.8234,0.126,11005,2
295,635.3113,280.8898,31.960128,14457,9115,4837,4.9658,0.2241,5531,4
296,2611.2211,2455.4837,11.784203,11296,6257,3729,7.7427,0.1061,14204,2
297,3849.9701,4635.5539,35.683043,18186,8368,82,9.4876,0.9539,623,2
298,1079.113,526.975,43.683914,5157,13461,737,1.2465,0.2786,12017,9
299,3114.4562,3822.206,6.340177,9229,5298,4175,3.4132,0.4439,10976,5
300,426.7465,2048.3612,43.329798,11921,8574,3945,3.2635,0.8986,12586,2
301,258.4181,3275.872,29.678803,7433,15583,2208,1.5967,0.6773,1076,2
302,2656.7778,1301.1904,6.355612,12204,5379,3949,8.122,0.618,6877,8
303,2703.1802,797.4697,21.37715,6190,13501,2003,7.6228,0.7056,8496,1
304,3187.1531,802.3215,8.043099,1143,306,1692,4.8958,0.8288,13600,0
305,3630.4594,352.469,35.017424,7615,4698,1180,5.4239,0.8777,8856,9
306,4879.2606,928.2417,37.943431,14254,18775,2936,0.6895,0.6426,11139,7
307,2581.5066,3321.1003,5.289915,18014,7223,2516,5.5995,0.89,5238,2
308,1614.7891,4408.4542,25.307042,17147,7934,4949,7.9343,0.5354,3995,6
309,3975.933,4070.6303,40.731271,6906,17850,462,5.7809,0.2773,10185,1
310,1354.1685,3425.6747,46.808158,4890,11464,2902,2.7265,0.8801,11688,7
311,2194.8627,552.1682,25.675942,4840,403,117,6.7087,0.5415,2695,8
312,392.2911,1445.9443,47.513966,3958,12902,1655,3.6787,0.9061,4305,7
313,126.7635,1549.0413,26.784495,558,6941,4562,5.4942,0.0402,3199,7
314,4813.2424,1249.7922,19.709585,4622,16023,1799,4.9269,0.3975,5413,7
315,4179.9022,2575.0331,42.410172,14933,19055,660,3.8736,0.9478,8711,6
316,3479.8741,2677.7737,24.649186,840,8096,3238,7.2169,0.2497,7390,1
317,2044.7706,1784.4363,23.595178,9244,10843,2123,8.8504,0.9415,14413,7
318,866.4799,1768.9523,24.515675,9597,4545,3820,0.1516,0.9539,4434,4
319,782.1936,4142.7797,42.339265,6999,6075,3344,9.3428,0.8821,5910,5
320,1251.222,3946.4663,41.597094,10130,18733,2551,5.164,0.5637,10062,3
321,2746.1378,1538.9861,20.176059,511,6851,4891,7.0372,0.6469,8018,0
322,3572.9825,4568.9431,16.66506,11597,751,1587,8.5707,0.8696,3811,4
323,3300.9903,4764.0756,24.596452,12975,1618,4683,4.7243,0.7759,913,2
324,1399.6767,1633.7194,28.638668,1138,2531,2748,8.3662,0.6301,7443,8
325,4774.3269,1772.1312,11.916937,13701,3334,635,1.8584,0.9823,12127,3
326,3689.4872,2528.1757,39.697775,4667,7235,2883,1.6758,0.6857,4903,9
327,2771.7747,4705.6047,24.32419,8907,512,2812,6.609,0.9755,3189,1
328,3058.6076,4381.5984,16.702344,10479,14547,4454,8.7144,0.0574,9508,3
329,2098.0061,512.8488,5.341139,2655,5083,4016,8.935,0.139,13583,2
330,1238.6625,1963.6598,11.942334,991,16637,2740,6.473,0.4515,3229,2
331,1779.8698,2766.8604,47.464064,2161,8821,1885,5.3023,0.3849,572,4
332,3789.233,2515.6673,15.255054,15137,3477,1519,3.3808,0.7827,11448,0
333,71.9773,969.3234,8.443048,10337,9179,622,9.802,0.1606,10664,4
334,580.372,4294.0853,23.033694,14270,1726,4578,3.265,0.9761,13968,7
335,230.0228,3384.7071,15.354456,16207,18478,1538,7.4674,0.3151,7769,9
336,203.6536,4189.5435,1.758059,2064,13766,2338,5.3666,0.4289,5136,8
337,4277.3044,4293.8228,16.157329,10796,1702,1995,6.1243,0.2747,13214,0
338,3518.2923,3741.7818,27.205477,18362,8497,2071,3.9955,0.5794,14073,1
339,2370.8744,2196.0586,27.585663,8568,12271,4902,9.6517,0.0586,8290,1
340,489.1798,3052.7377,17.82801,8934,10473,4931,5.7597,0.1497,4034,5
341,2458.0845,801.8354,22.365193,19052,2808,2366,9.3841,0.7458,1640,0
342,2367.3641,3368.2304,48.275899,15620,15655,2846,0.1752,0.1865,6444,0
343,866.0176,896.2745,18.867486,4920,11079,3039,5.7694,0.2355,4843,1
344,2169.2639,3469.751,12.911415,11742,7573,855,7.2002,0.793,5542,3
345,1992.5297,1147.9985,12.173428,8799,17409,2729,7.4763,0.0933,13619,1
346,3079.2543,587.7653,22.888285,16928,19360,916,9.0593,0.4375,4028,3
347,3175.4719,826.4308,37.976031,14567,8699,4939,0.1436,0.0231,14610,2
348,226.5296,9.9707,10.299489,884,4857,132,0.1033,0.3468,261,2
349,1873.0693,3593.7009,35.464835,9416,6725,1117,4.7754,0.699,13551,8
350,3129.3033,3662.0079,1.057589,11086,9246,3594,0.39,0.0901,9128,7
351,2515.6863,2574.6716,20.946707,15009,10867,861,9.7479,0.8883,1798,9
352,4282.4506,806.8224,38.793276,18453,18952,294,2.2984,0.9095,332,8
353,3293.4716,417.7809,16.936714,8121,10097,2689,4.7794,0.105,4211,0
354,814.6805,95.6546,28.186899,7821,4588,1000,0.7053,0.9907,8460,4
355,352.853,828.7492,10.249041,11902,4923,2297,5.2683,0.2975,2060,3
356,3212.1,4454.2788,37.099795,18171,5047,3686,3.8616,0.0841,73,8
357,132.5663,1207.6918,2.61405,16260,19279,287,0.5421,0.0051,5112,2
358,2928.882,1771.3631,42.627147,9650,7204,450,3.4177,0.4085,2922,4
359,4701.1518,526.7364,9.9099,8270,15404,2339,3.9752,0.6298,10646,7
360,2877.3751,1111.8143,43.719914,11806,9829,3241,9.9002,0.3322,3889,9
361,1940.8557,2596.1277,17.626527,17693,15798,2704,2.1581,0.8367,178,4
362,3216.4447,3038.7673,36.134206,10380,19998,3117,5.4933,0.7166,2000,8
363,2291.2699,1226.7691,15.961333,8745,39,4572,9.8744,0.3502,8964,1
364,2728.0885,288.6702,45.295593,13286,19469,253,7.941,0.7343,9138,5
365,4707.3246,1955.1704,6.331944,8474,6266,1420,9.9343,0.9405,7427,4
366,1930.5193,1171.0245,8.926072,10680,6599,2337,9.6862,0.0931,4496,8
367,4805.9532,1097.7774,24.651557,14606,2416,1236,4.9464,0.3061,270,6
368,4526.7542,4799.3144,4.097014,10986,17143,1000,6.9941,0.4633,10048,7
369,978.9637,3081.5063,9.79909,12392,19501,3761,1.1934,0.498,1656,6
370,346.8158,2784.3966,47.188325,4862,17149,4117,4.4674,0.5422,11945,9
371,503.899,2078.8814,48.824485,19161,14307,4412,8.1093,0.3006,2534,9
372,91.1189,2144.7274,18.813029,1597,14578,2612,5.1028,0.6673,12347,4
373,472.2239,2704.5296,46.164309,16864,11886,1447,7.0567,0.6451,10882,4
374,3415.037,3482.1521,27.241279,19697,11378,2171,7.4829,0.5778,4983,3
375,355.9525,3510.7335,13.487196,10156,11059,2922,2.6093,0.1138,4362,1
376,1594.885,858.4778,35.119966,7920,7444,3684,8.7694,0.477,10315,8
377,4224.3781,2500.5688,32.945124,10335,17702,2262,4.6522,0.3562,6119,9
378,116.3694,2059.7964,49.456267,14629,17085,1946,2.1808,0.491,11354,9
379,4072.3443,4352.6361,13.252438,2073,4384,4935,8.6676,0.9219,8697,9
380,1409.2811,3157.0983,33.603008,9488,1594,1854,4.2364,0.4805,2405,9
381,590.833,2662.525,2.601283,5625,14759,600,7.5281,0.014,2202,2
382,3483.6889,576.9821,5.682391,939,7027,4888,5.5255,0.4388,6020,2
383,3144.7179,3028.1934,0.196018,8177,2613,4136,3.8805,0.8206,11482,2
384,4387.3613,586.0284,49.973034,762,11330,3404,8.1178,0.7801,12774,7
385,3675.3579,1686.0395,40.113705,12942,1909,2991,5.8863,0.5134,5660,5
386,4017.4066,714.2184,39.336172,1670,6955,4744,3.9666,0.2498,1154,0
387,1410.18,3460.3713,25.486353,7129,15186,4278,1.185,0.4651,4162,2
388,887.2059,1031.2685,15.003424,19070,18175,4361,8.9649,0.5637,10620,3
389,3753.0763,1959.3029,7.563299,12092,15497,2819,0.4511,0.9999,1337,1
390,4034.1756,4478.3749,14.233808,18316,2929,863,8.6456,0.6442,8599,5
391,4952.5258,1021.5899,18.798623,7309,9281,4528,3.6636,0.6943,3479,9
392,2063.0943,2539.0302,37.815529,1127,7682,4056,6.4295,0.4915,12237,0
393,1860.0967,2096.3641,26.983135,6022,4128,1220,9.2298,0.3545,277,0
394,3882.067,90.63,3.874274,6438,4964,3796,1.6019,0.813,6759,7
395,1704.0243,3963.7926,0.901549,7040,11762,4605,5.7128,0.4949,3481,3
396,4653.7873,345.2388,5.116699,17588,13555,4543,7.6679,0.9947,2362,0
397,4292.0652,2371.2804,20.524995,4136,9358,528,7.6001,0.4571,10789,6
398,2144.9758,2803.3959,46.659653,15112,18410,2923,5.3038,0.068,5369,8
399,3754.3578,3142.136,31.87016,11965,988,3205,6.2849,0.6826,10161,9
400,3772.7168,3443.1613,40.091315,8712,1966,1163,7.5995,0.0466,8653,6
401,515.6283,1266.3694,23.318783,7905,7317,4765,8.4262,0.2505,2447,0
402,4512.7655,49.9038,18.083368,2284,14047,3565,7.6419,0.3537,11932,0
403,2526.2668,3617.2211,5.420108,2478,869,847,3.6046,0.7395,14787,0
404,4132.2891,2678.2876,43.796664,3094,18448,2118,9.9676,0.4942,14807,7
405,1600.2548,4180.5902,39.158023,7208,17514,3087,4.4016,0.0286,13956,6
406,4477.6172,4106.9436,8.405988,9395,4379,1771,0.3422,0.6168,9775,2
407,1946.0145,4216.6324,25.613077,14842,15464,3284,3.6899,0.4114,7602,2
408,54.1981,2425.4784,24.368792,6228,18319,1826,1.3651,0.9218,5052,2
409,4526.9108,1668.1486,31.254615,13281,13247,3324,1.3023,0.4996,3518,1
410,456.4425,3957.7931,47.30935,3536,1077,446,2.8872,0.709,4803,3
411,1596.575,2256.4761,28.988614,10583,18024,1026,0.6284,0.2189,12391,6
412,4750.3103,917.2191,27.010909,2914,15170,1772,6.9163,0.761,2376,8
413,4753.0362,4274.8715,2.516242,2341,6386,1360,0.8325,0.721,7851,2
414,2867.1937,4412.8006,3.145468,5290,8223,19,2.1126,0.9041,6745,9
415,3159.1897,2331.5541,9.367421,598,17088,561,1.0197,0.0338,6390,6
416,2242.2331,378.5079,1.623635,15026,5481,472,0.7254,0.4475,6249,3
417,1466.0609,1939.1366,37.16767,7146,7778,28,2.7507,0.6792,10932,0
418,1643.3294,4017.6903,36.166543,2903,5363,560,5.7618,0.0952,972,4
419,3362.5956,4508.8711,6.802898,8956,951,2656,9.6504,0.4106,7137,7
420,3761.8751,1017.3717,41.803961,7695,8251,3237,8.768,0.9421,9518,2
421,3957.8973,334.8774,7.739386,4831,2819,4554,8.7717,0.4359,8345,9
422,3948.0928,4386.7535,15.058849,9835,3601,945,1.8431,0.9854,11801,3
423,456.0396,1947.0308,12.44892,10490,11342,3949,2.7226,0.0568,3961,2
424,2472.1066,2708.8094,18.615418,15769,15054,3657,0.8563,0.7178,11299,9
425,287.8032,4840.3294,12.733263,10365,19329,4964,7.8068,0.581,13245,7
426,2747.6489,332.833,24.447597,2161,14334,3064,0.7912,0.5005,3087,9
427,2207.6581,3241.5936,20.370453,13269,6256,1980,5.6113,0.9708,13418,7
428,4438.522,370.5364,49.328476,14486,10908,2717,2.554,0.1297,8922,3
429,1754.5816,1877.3509,2.796412,2923,16008,4922,2.5101,0.896,3968,1
430,585.3439,4019.0747,7.109155,3805,14242,816,9.9082,0.6912,12362,2
431,714.967,2167.3668,2.641389,2369,12091,2327,7.5921,0.259,4952,2
432,3807.5555,4985.9118,31.292097,15158,12306,2331,8.3857,0.9017,4003,3
433,3091.0941,2795.3008,2.725558,8094,17563,1003,5.7626,0.4293,2333,1
434,505.6224,1605.8176,41.822003,3933,13066,1543,8.723,0.8142,9766,1
435,420.5432,1100.5644,25.59698,11553,12648,4205,6.4904,0.3888,11461,2
436,3504.8486,1752.6092,26.350429,5609,8524,1230,9.4671,0.8509,4376,0
437,363.8243,1862.6726,28.079769,12900,6038,3306,2.8853,0.6366,13075,7
438,4109.3021,343.5777,8.540768,9293,528,2530,5.9937,0.141,686,5
439,3531.2141,1847.8773,9.884595,9863,18444,1431,6.9323,0.6497,3889,2
440,406.7531,2321.198,15.940934,5532,9291,3913,3.9901,0.1913,9772,0
441,424.1977,3613.6915,29.674861,10413,212,1533,8.8091,0.4119,969,2
442,4933.198,3283.6509,10.505968,6345,18099,1893,9.8001,0.1703,11930,0
443,1871.3602,3543.8312,5.816675,16760,19073,3125,4.9883,0.022,7321,2
444,1853.217,41.8283,48.505847,7888,10523,1422,3.9673,0.2119,14627,3
445,4063.9997,1088.3448,1.099189,17994,19651,391,4.7722,0.5364,2034,5
446,4736.2434,3308.4248,40.13489,16159,15116,2819,8.5421,0.4816,7076,6
447,4930.0055,2419.952,39.401779,19324,5150,1870,6.4901,0.5015,5262,6
448,3766.8934,26.5773,14.860776,17998,9225,2961,0.5432,0.2477,8960,8
449,1881.3042,4022.4752,6.781417,3680,17717,1196,5.4675,0.6852,14648,7
450,417.5127,3864.0501,7.281518,7541,13622,2606,0.2713,0.7043,646,3
451,3885.7368,2742.1003,34.871611,9489,6821,858,7.8075,0.358,4122,5
452,2792.0257,332.326,32.140365,7075,14762,3228,3.3503,0.8812,14223,0
453,2121.1158,3832.5776,39.137305,3997,10033,1517,4.7729,0.644,14591,7
454,4531.7729,2918.5721,46.874065,5696,14003,1154,8.0069,0.713,8113,5
455,555.9963,3909.8021,34.596399,14236,10331,843,0.5598,0.2773,14047,1
456,2463.1306,3758.7374,7.792661,2367,12744,1683,1.6696,0.0006,9272,7
457,56.7781,4015.0123,12.172206,14165,16828,295,4.0398,0.8654,6437,3
458,2343.3085,2590.0452,42.109702,6765,17311,645,2.3763,0.8224,8829,8
459,281.5258,701.6312,10.465383,15528,17007,3634,3.4452,0.1232,12518,3
460,594.0984,3355.7907,3.626209,16293,9672,2136,9.9819,0.3741,10293,0
461,587.6401,3102.3727,35.164032,1615,19422,111,8.2716,0.6613,7098,6
462,3246.055,3711.2685,20.126378,14397,11578,584,8.8506,0.6521,8293,9
463,3730.2269,849.4133,46.002011,18801,16618,3226,9.3768,0.8604,5587,4
464,2916.848,974.884,32.512789,16881,19076,1487,3.4753,0.1403,12110,9
465,4810.8631,4452.0487,4.52104,16889,10223,4865,3.0411,0.4299,13092,4
466,1874.3591,3749.8915,47.392834,5734,387,1649,2.4172,0.0972,869,3
467,1428.5676,4541.1434,12.927937,3217,1635,2382,8.3182,0.3896,14603,5
468,4342.997,3793.579,16.860691,4365,8111,106,6.8276,0.0151,5915,0
469,1117.987,2985.7806,20.11308,12270,4134,3554,2.4381,0.8983,12290,2
470,4816.1131,3270.6671,2.56131,17862,9377,1695,3.8322,0.527,8214,6
471,60.7823,4445.6407,24.825821,13830,5582,1734,5.1164,0.8498,10818,7
472,4849.3944,2894.038,6.166012,4961,1968,382,5.3286,0.0599,6356,8
473,215.8091,3161.9603,20.048576,18782,5768,2737,8.8984,0.2275,1904,0
474,4455.7167,782.392,17.535554,8302,8754,4357,3.8676,0.2594,2577,3
475,2638.5103,2369.6114,38.642027,8842,18384,1317,9.0944,0.3867,14724,1
476,4964.8241,3581.9884,40.158545,7731,4902,2703,4.4695,0.8029,4110,1
477,368.9921,1354.7208,7.670729,17884,10122,4916,7.4891,0.3866,4615,0
478,2769.2759,1011.2789,18.327623,16980,14634,4075,9.3095,0.2047,8015,4
479,4846.513,1569.1409,18.667721,979,19164,4805,9.085,0.065,3294,1
480,2615.494,1207.5107,7.570607,731,10708,907,0.6638,0.0795,1936,3
481,3146.9969,1074.571,39.922695,57,18062,663,2.1365,0.76,616,8
482,3478.7465,2124.26,35.361446,2244,12334,463,4.8214,0.4448,5058,2
483,2272.7108,4539.1935,9.51917,1702,11939,2903,4.3724,0.7262,10643,7
484,3137.7941,2535.3032,18.336159,17671,11549,4681,6.4448,0.6823,11777,9
485,2921.5757,939.61,5.290341,8304,15116,943,9.4526,0.1354,8479,5
486,4505.791,384.8676,31.410367,15101,9844,158,1.2128,0.1429,14720,9
487,227.2414,3480.7838,6.068684,12999,4178,3310,4.5734,0.7553,11511,4
488,1404.8231,1914.0,49.29671,9394,7212,1327,2.0049,0.7213,1924,1
489,4752.0579,4109.1565,39.034126,948,7874,2718,8.9517,0.378,13403,2
490,4451.32,3297.5572,19.511988,6554,3842,2669,9.6493,0.0774,13114,7
491,2278.2892,3981.2093,28.928239,758,6417,2569,4.8391,0.0121,6456,8
492,3100.6668,1359.7375,45.5671,14867,10634,3393,1.1297,0.2882,7605,6
493,1386.9131,3461.7977,27.705009,11581,4886,2107,7.8744,0.0092,8153,0
494,940.6139,1320.3173,8.725007,5652,595,4800,7.0017,0.2301,2774,5
495,2318.4974,4695.343,18.93523,7274,14394,648,3.6112,0.4195,10283,6
496,1766.7676,3181.875,42.157259,10034,2613,3323,8.8853,0.1214,5194,5
497,2918.2847,1622.5658,32.210686,3536,12289,2939,9.7607,0.1043,10994,9
498,388.6824,1347.5666,32.536254,18678,17881,2484,5.6228,0.8964,9185,1
499,4871.9743,954.641,43.341088,17489,19940,4242,5.7007,0.5855,9777,8
500,4931.0539,3473.2078,44.698663,8854,4862,2907,3.0454,0.9345,1904,2
501,3490.8116,1093.5859,45.989637,909,4767,3026,5.8866,0.3458,9068,5
502,2680.4865,2976.5204,4.74255,4618,3359,1376,4.4525,0.6771,13022,5
503,1547.645,1323.1825,27.206346,10049,14847,1824,3.0917,0.2047,10078,7
504,4068.977,3309.8481,37.025502,2312,915,245,0.7651,0.6183,144,3
505,3423.659,4074.7005,37.846367,16021,18229,2349,2.6018,0.1296,7497,5
506,813.0931,3890.1284,30.335849,17174,1996,868,2.0588,0.0021,2257,0
507,4554.6368,3804.259,8.33945,13586,95,2862,5.4662,0.9315,9315,8
508,4112.688,938.6202,39.871048,14018,8685,480,6.0565,0.5549,700,8
509,4749.0001,441.9339,36.005595,16556,15101,2463,6.1249,0.9269,12402,6
510,3628.6003,3494.7472,4.30688,12553,19454,1936,3.943,0.3338,6319,0
511,3067.0798,1841.7424,23.190545,13338,150,3374,4.2702,0.3278,271,2
512,2091.221,2161.7368,8.698953,1886,17431,3022,8.359,0.4007,8255,4
513,4663.6431,155.7552,16.873919,1050,2804,3193,4.8147,0.706,1008,3
514,4330.3208,1297.8897,0.904153,10504,14467,88,9.879,0.5658,11036,4
515,226.1029,168.3917,20.016553,1162,7277,1241,4.4522,0.9254,13716,6
516,131.8446,4395.9301,27.493891,816,552,573,6.5309,0.0254,10465,8
517,1882.3231,1216.991,30.979168,3767,15481,814,0.5986,0.7082,10175,0
518,4052.7685,2786.6903,33.174551,3240,8487,179,6.5681,0.3303,14497,4
519,4936.3808,194.9062,41.814582,13943,17528,1726,8.5291,0.1802,7204,2
520,752.093,3334.2403,10.773224,8273,16840,163,9.4303,0.5104,10621,2
521,2970.6576,1615.1435,6.024179,19189,9746,2641,9.9735,0.5051,3725,1
522,1904.4605,4489.597,42.576873,870,8361,1006,2.8936,0.137,12606,5
523,4849.5723,4440.5921,7.830725,5527,12998,2349,5.7962,0.2019,10948,5
524,4210.5962,1626.4598,48.738007,7742,18331,2422,4.5621,0.4082,11927,2
525,4191.6451,4504.8055,42.126927,4695,7311,2756,5.6818,0.4088,6600,0
526,2343.4711,4980.7884,25.04388,1935,5818,4299,1.6588,0.3176,9485,6
527,2074.1034,4127.0801,49.071073,17088,10569,4143,8.5759,0.1485,6488,1
528,1367.0426,4224.3583,4.868927,16319,8071,4559,9.1047,0.0044,13352,7
529,281.8869,1245.0512,15.153358,18908,1321,3742,4.5517,0.9702,7918,2
530,4323.6132,2883.5162,31.911257,19024,6154,4504,2.8763,0.9435,4510,0
531,4064.5069,336.2889,17.500408,6160,6590,1218,1.4943,0.4837,13534,9
532,4998.5884,474.5987,46.418635,15720,15590,2475,6.8693,0.9951,5401,8
533,4983.1842,4994.4631,3.281398,12994,3608,930,3.1911,0.6737,4321,4
534,2777.163,1633.203,27.470637,13814,10318,317,9.1044,0.0689,13769,0
535,3844.9394,3740.9221,29.543354,1165,10433,1503,6.743,0.1177,9370,9
536,4723.8292,4033.3272,32.636441,620,401,421,6.4923,0.9161,14616,5
537,4248.2385,4290.1178,12.783386,7983,16747,4359,5.6381,0.6301,5473,9
538,1236.748,4988.1415,18.228385,3067,3852,1450,0.5532,0.8432,7207,2
539,2252.7262,1207.49,42.184042,8639,19797,428,9.326,0.8983,6873,3
540,645.8058,201.7637,9.747219,2338,10499,397,6.3166,0.4479,7924,7
541,4770.2556,2055.9635,41.34341,5595,85,796,9.9412,0.0485,4717,4
542,3030.8771,650.412,28.132815,2461,1825,107,5.4198,0.1883,7119,5
543,1143.2217,112.1392,38.109399,6821,12078,4050,7.1301,0.0666,2621,9
544,3358.5067,1802.1405,35.680397,3443,15931,98,0.6565,0.1887,2537,3
545,3090.645,3918.6934,10.375654,16192,12550,1904,6.3542,0.4105,5104,5
546,1790.82,2830.9078,28.44068,19096,10114,3571,7.67,0.1182,10161,2
547,567.7968,1563.8968,43.386171,16327,15133,3302,7.8073,0.1667,7081,9
548,3357.8693,3271.7135,21.605869,10530,8823,43,7.7241,0.4458,5318,0
549,2601.5433,1160.0986,48.329542,17676,7419,1578,2.3402,0.3402,13588,5
550,3861.5942,71.9171,22.61081,10391,2372,4191,9.7564,0.4677,1196,0
551,2600.8223,3821.7693,7.139368,14031,7069,4284,9.9523,0.4292,11024,9
552,4260.909,3118.7192,19.471795,5375,19685,385,0.8484,0.6445,8700,2
553,2759.5387,3811.5155,47.585125,13143,11860,4915,9.3708,0.9372,405,7
554,2804.6942,194.6997,15.98611,19040,7465,3472,2.9655,0.1079,1295,6
555,4383.2692,4185.5998,43.404921,12205,17111,3578,6.9239,0.0993,6055,7
556,2017.4203,3097.6348,44.062546,7395,13549,3239,3.4473,0.8528,3626,9
557,670.0848,2816.9811,17.509391,17089,7122,1697,9.6808,0.5064,7869,9
558,143.9231,3123.074,4.162975,826,9841,2135,1.1049,0.7664,2820,1
559,3775.6887,4322.1676,36.227923,9197,4313,3893,5.0277,0.2154,4760,9
560,3101.5516,2934.6867,15.575684,11653,8001,2537,4.3377,0.8289,14467,6
561,3520.4018,2904.7561,39.146202,16761,9462,4322,3.3276,0.9238,5746,3
562,1064.8287,4953.3959,22.132798,973,319,2393,6.4908,0.6355,13697,0
563,681.866,3783.6533,24.263389,11269,15330,4614,1.3975,0.1059,14046,2
564,72.7332,2211.4746,38.895493,444,15792,3816,7.195,0.8953,7565,4
565,1752.9443,3536.9879,19.118228,755,19860,296,9.8079,0.7925,3638,9
566,2949.5925,1946.1585,22.156423,16024,14373,414,8.0651,0.7509,1874,7
567,1961.2263,1144.385,18.809586,10364,15936,1996,8.6142,0.0367,13608,1
568,2187.3802,2984.2634,18.367089,10898,15702,4,3.6604,0.799,1407,1
569,4520.7944,4640.9112,26.297376,5397,11251,178,3.3164,0.138,11776,7
570,1741.2839,4645.6983,40.439991,3466,1603,746,5.2188,0.2224,5515,8
571,2569.9523,1709.533,18.088479,2712,18641,4355,0.5527,0.5771,1578,9
572,3918.2672,2638.3921,26.212784,18792,9048,652,9.459,0.265,7773,0
573,1982.7199,1058.1874,33.536399,5748,15235,3890,1.5235,0.6613,5380,1
574,3110.4373,4978.1556,13.472045,18108,7533,3272,9.0398,0.6081,12569,3
575,4311.8199,4905.5897,13.876212,1920,7367,2483,0.9275,0.1081,11620,2
576,4747.6036,3247.5482,46.670663,17303,2649,290,8.244,0.656,14756,0
577,735.3759,4022.0723,36.176756,13474,6904,803,1.6044,0.924,5312,3
578,4632.9389,3575.5037,28.859376,16966,18243,2531,0.4775,0.1611,8829,1
579,2460.5865,2965.7952,32.386038,14236,17487,234,7.2229,0.5971,5548,9
580,1291.2294,266.7495,1.465069,15711,13789,408,2.8746,0.3419,808,4
581,2295.6842,2273.8272,30.905186,14435,2482,694,7.1735,0.4596,2396,0
582,4900.1631,3373.9348,25.475493,13479,1821,1170,5.5953,0.287,4525,7
583,2463.0955,3387.6613,27.287529,3882,10272,4658,1.1772,0.3541,1416,9
584,1643.7648,1865.6194,17.971255,2000,19543,2478,9.3281,0.0289,7509,1
585,3167.0079,4708.4605,4.073787,14850,3685,432,4.5779,0.9816,14883,2
586,1200.7357,836.7935,9.667042,10904,3652,2545,7.371,0.6248,2450,2
587,379.3259,2501.8022,47.537241,16785,10432,983,5.0601,0.5007,12953,3
588,644.4073,3454.423,20.435037,14701,10132,3161,6.0832,0.3837,13038,6
589,640.2379,3485.6821,23.334211,5446,4831,3045,3.0975,0.5394,3497,8
590,759.5219,3243.1983,2.635584,2629,7335,4993,2.0836,0.3801,11781,2
591,694.1445,1376.4483,1.878408,18041,14620,3925,5.4714,0.3599,7104,0
592,3204.3773,781.0413,35.859101,17005,9305,3313,4.4582,0.4639,12222,9
593,909.4086,3179.7053,26.904779,247,14880,4874,3.9621,0.276,4733,0
594,1728.343,2996.5146,25.435348,5213,17033,4319,6.7584,0.18,7023,5
595,4483.9431,896.7883,12.156302,3340,14586,1689,6.936,0.5566,7496,4
596,2369.8135,3525.6987,37.237562,19395,17,468,0.5546,0.8428,14423,9
597,3337.792,2275.8654,8.411912,2369,8309,2617,3.4536,0.1528,8707,6
598,861.6076,3338.8063,9.496818,12187,6477,1346,4.1765,0.0327,5100,6
599,961.4532,4186.837,23.035662,1840,5943,2423,1.0592,0.2468,7333,2
600,204.3527,848.6504,14.314064,19288,17930,4508,2.4354,0.9797,3295,6
601,844.6836,95.7341,12.373224,6206,2694,4722,0.6113,0.8288,2909,8
602,1392.9589,3895.5151,32.261918,4396,15563,1012,9.9628,0.5959,5417,7
603,885.0607,3048.491,32.548622,15291,6260,1678,7.3919,0.9292,10691,2
604,443.5218,3498.2009,41.225871,3692,15580,3698,0.9658,0.4453,9559,9
605,603.1881,4190.7765,20.885487,7471,9469,4898,0.3005,0.9833,8533,4
606,2303.8992,4014.0566,3.654347,3842,19625,4067,7.2209,0.2963,13773,7
607,1031.6765,4804.6011,13.683392,4349,4943,1893,4.448,0.2403,13704,1
608,1821.3557,2679.68,49.000275,17777,14652,2870,7.8893,0.638,12165,6
609,2517.0913,2442.4833,29.812969,6061,3789,4351,9.2424,0.3782,9753,9
610,3451.9772,2009.442,35.486883,15526,372,1487,6.0331,0.6264,5671,9
611,196.5703,768.4637,0.367991,4301,7121,3340,1.9524,0.305,2469,6
612,3997.054,2863.0404,25.910335,3339,5703,1417,7.8437,0.6179,2429,7
613,3139.5057,1385.0699,1.876529,5488,8348,4858,9.5625,0.2757,3689,0
614,408.8043,4606.5383,28.461554,3515,2662,2847,5.8443,0.051,6149,7
615,4367.8944,2915.9582,46.03855,17144,6652,1358,6.8518,0.9121,10888,0
616,4604.3628,2964.205,48.42096,11281,4879,4061,3.441,0.8832,2028,2
617,305.3992,1774.6298,27.02768,10308,13092,4661,3.8771,0.9708,7172,8
618,1384.3955,259.9562,22.910294,9916,4316,1392,7.3731,0.7165,11945,3
619,4031.0083,158.7285,47.25086,11159,9966,1579,9.2849,0.6827,316,9
620,3741.301,2116.6815,33.680524,8622,8309,3750,6.327,0.559,14134,8
621,922.6133,422.836,3.245057,10548,6475,3626,7.9195,0.1259,3990,0
622,1046.7545,3034.2387,23.286332,13486,1375,2504,1.7992,0.1892,9294,7
623,1852.3668,4404.8662,12.012327,2460,11396,3138,2.1984,0.2895,531,2
624,2422.6201,4414.5753,23.490269,5274,7394,2910,5.3671,0.8902,7885,6
625,3091.2777,3295.2305,22.773333,18103,4404,2665,1.8479,0.173,10595,1
626,1844.5745,1056.167,29.107282,9458,3547,400,6.3865,0.9229,1860,6
627,2312.679,4314.9855,17.838589,5424,3978,4383,2.9874,0.5228,4758,6
628,3737.3572,4430.4683,8.213606,17693,9389,3958,7.9362,0.7156,7873,8
629,183.4256,983.276,25.186021,17435,19796,2234,8.1003,0.1102,13584,1
630,1262.1922,3687.1331,41.510161,5480,8989,1540,4.6915,0.269,9412,7
631,3566.7508,1432.6049,33.200645,15420,3893,237,1.89,0.9585,12415,4
632,4476.0352,4013.2035,16.918459,2250,14009,4911,6.5031,0.2661,12637,9
633,2558.3921,4986.1895,46.776158,2810,3250,928,9.9286,0.2965,9959,8
634,2660.5721,150.1397,45.610387,2922,112,4510,6.2636,0.1976,1068,7
635,535.869,4486.8304,10.467499,4677,17067,420,0.4542,0.1291,728,2
636,2237.0674,3113.1564,1.970975,2418,17546,4125,0.2712,0.2333,244,2
637,2663.091,4866.9134,37.065461,16917,7401,2396,3.2716,0.6423,14345,9
638,1212.3601,2325.0529,41.38053,13464,2380,661,2.0383,0.4554,9978,7
639,1346.2235,4236.9412,48.393232,8168,13181,2624,8.1492,0.5538,712,8
640,1886.427,311.9797,44.491831,1470,8353,3951,8.4636,0.1224,11086,1
641,100.3658,1676.4019,30.026778,7293,17810,450,2.6603,0.8021,11343,2
642,1610.4026,335.092,26.502664,6932,8470,380,3.3239,0.7841,7925,7
643,1057.2479,4876.7159,1.39215,19809,9749,1251,2.4388,0.0216,12374,1
644,1637.4935,4084.8714,12.332898,1092,10108,2460,9.093,0.3835,9701,7
645,598.8195,4262.7386,22.980792,16364,12943,2999,5.0762,0.0688,8463,4
646,4452.6375,4689.8268,31.425232,261,19492,4452,6.5958,0.7921,9990,5
647,2967.9663,425.5266,27.862636,10457,16687,2302,4.2133,0.7373,2561,9
648,3395.5148,1927.9941,37.131825,13436,4534,727,6.347,0.902,5140,3
649,3945.8583,355.1837,13.988419,9378,19158,1468,3.92,0.2364,3561,2
650,2492.216,1053.9734,28.247674,15814,4282,2729,3.4628,0.4563,4004,7
651,434.6106,1146.8366,4.407203,4302,4769,3153,6.3814,0.1845,2178,8
652,2685.5373,2345.5414,20.683335,7208,17385,3521,5.9515,0.3712,838,7
653,2934.2097,1342.8182,37.508067,16477,12199,4906,3.0059,0.5222,11010,8
654,3727.1999,504.8995,34.670073,8557,18103,3355,1.5785,0.0533,3715,0
655,2158.3034,837.4638,49.532138,13796,7170,416,3.7489,0.7149,3079,4
656,637.9102,736.3863,13.894629,6126,7362,600,4.2105,0.5433,11092,6
657,1418.8867,4865.3843,24.909515,1925,3831,3075,6.324,0.829,9969,7
658,1815.4179,3796.4649,16.476588,19480,2883,4175,9.1538,0.2718,5033,1
659,3229.5897,4838.8076,22.030212,6684,999,1568,0.4582,0.9033,13622,3
660,2853.8958,2198.708,42.847521,18923,15943,1095,2.5122,0.9987,14121,6
661,1780.4901,1391.8496,34.210485,18661,16669,2944,2.0178,0.9193,1651,4
662,4932.5764,3991.468,44.122071,13332,16247,4154,5.0727,0.7779,2949,0
663,3028.878,1631.2763,10.175635,9946,18545,1448,4.354,0.8124,2521,1
664,1186.1416,1496.9239,43.668069,17295,3066,1493,7.3175,0.5737,7270,4
665,508.9213,1162.5376,2.988208,307,10468,2672,2.4999,0.1902,10578,5
666,764.3042,648.4036,44.429975,4232,17879,1459,5.9855,0.677,12607,0
667,1229.7962,1282.3227,16.453756,6029,12077,1209,8.8502,0.7128,13825,2
668,803.4153,1776.6052,15.72945,12208,2544,4935,9.1157,0.9854,13337,5
669,932.8433,3369.9743,25.604478,6659,10034,2213,9.592,0.5413,10961,5
670,1425.483,312.8336,47.034515,6337,1402,1355,7.7553,0.2714,7598,6
671,866.8762,1052.5426,2.389163,13897,16830,213,9.0693,0.6837,12431,9
672,4483.8282,4045.1201,17.611614,9631,4523,3895,2.4219,0.9794,14021,2
673,401.1779,734.6181,42.828614,17257,2552,4603,2.0561,0.1772,10897,0
674,2622.5617,1713.2323,19.802784,1142,4817,2964,0.1642,0.326,9365,6
675,2051.99,4323.296,9.957925,17050,19116,2849,7.0978,0.5419,14005,2
676,4911.8933,774.635,21.239767,8401,7700,3043,9.3809,0.1702,10711,4
677,560.2034,413.6934,19.277687,952,2630,3035,1.9507,0.0222,363,3
678,1989.284,2422.6951,45.770819,9250,7688,1733,6.4057,0.337,8842,0
679,4847.3525,1512.1045,38.096743,12937,10157,3082,7.49,0.8654,2257,6
680,4327.537,2817.0462,25.255827,14456,17442,1271,9.2834,0.0435,7353,3
681,4085.3622,4019.0264,49.418529,4723,6835,4869,6.5039,0.4289,11329,0
682,1289.5216,685.7511,23.26393,12813,18180,1530,9.7059,0.7622,12837,5
683,854.4462,2903.4996,2.911986,4009,4850,1082,3.5123,0.9532,9328,3
684,3343.2194,2527.5487,13.11379,10061,15783,3532,3.5643,0.9855,4359,3
685,4646.8807,720.4025,21.80358,13057,15828,1152,5.4758,0.422,11340,1
686,2783.8189,3119.9962,7.845216,6656,9432,1723,3.8967,0.9504,5298,0
687,2858.0677,1368.2094,47.378262,17156,4151,717,0.1141,0.0354,4862,2
688,1399.9027,2439.1767,38.342468,13028,11290,4200,7.3445,0.7459,14337,9
689,3847.467,411.3708,13.414433,4031,9497,2191,7.542,0.6427,14484,4
690,935.2269,2297.9257,29.540268,522,6471,205,7.495,0.2495,876,8
691,1618.4029,1532.3243,36.072486,19740,13258,3830,3.5157,0.5073,11935,6
692,2127.1879,4111.9078,47.063952,1401,3713,3110,5.2707,0.1296,5956,3
693,2538.0568,284.9031,44.081779,11931,12722,4095,3.6637,0.8716,7130,7
694,1212.0562,2093.0422,25.75966,3724,12496,1333,0.2588,0.3579,3852,3
695,574.193,2292.1625,38.732654,6580,12421,2049,5.6682,0.626,9345,5
696,3053.1041,3625.0331,28.107281,19632,5316,1850,1.3252,0.1588,7806,0
697,1443.1599,2871.4421,27.635239,18243,5382,4843,0.8924,0.2062,6657,5
698,2906.1953,3336.065,5.737186,4782,9498,1238,7.5794,0.992,1923,9
699,771.822,3885.2487,6.30697,12874,19559,2019,0.1941,0.7531,8821,4
700,2405.7057,4311.0162,26.476728,18783,13495,518,9.5942,0.962,11212,1
701,2662.9518,1569.3843,13.44315,16527,16951,1439,5.201,0.2959,13814,0
702,259.1272,2690.1181,1.051943,11044,15753,4087,9.8319,0.1646,9917,5
703,1683.028,4200.542,36.141988,19854,4623,2053,0.6742,0.5031,12941,1
704,672.082,4947.2558,1.624427,16376,4133,4369,5.8769,0.4947,14325,8
705,316.8842,4447.5977,29.763883,17102,8831,4518,3.5583,0.1749,1129,8
706,4949.8013,1857.3426,26.959736,643,6996,2313,8.4505,0.7332,4562,0
707,1611.776,975.8406,48.440738,18933,2671,2260,3.6761,0.3618,8956,4
708,4049.3741,2446.9678,24.210709,11886,9365,3150,2.6788,0.1864,1020,7
709,1273.2107,3708.2098,3.180165,7550,18067,782,8.5898,0.332,5025,3
710,3407.5168,2462.8504,27.584443,13398,10042,2714,3.8091,0.5637,12166,2
711,3801.1417,2415.9095,42.054824,15075,9055,1245,0.2666,0.7265,7575,4
712,2978.1977,4191.1537,49.842465,13772,11638,2417,3.9639,0.4819,3928,4
713,2357.8862,1807.0253,21.517216,950,10758,976,6.5798,0.5256,2842,7
714,2059.2105,4298.9748,16.015005,16906,8491,3492,2.6182,0.1389,11140,5
715,1744.3478,2034.0299,45.332674,14733,12330,3426,4.3767,0.9147,5478,1
716,4647.6464,1641.1722,9.562187,16739,771,417,0.6615,0.9287,8867,0
717,4153.0987,2269.955,30.771484,17867,3855,215,5.9221,0.6834,1009,2
718,4825.1349,3812.2372,20.285781,9840,3119,3979,7.5873,0.0176,1227,1
719,621.4949,630.0189,2.054214,12824,18517,1136,4.1918,0.5371,1636,3
720,3654.3401,982.1041,17.364489,18600,9902,3776,4.2603,0.6292,12569,2
721,4691.7029,4757.2246,13.2615,18922,17375,1583,0.974,0.9947,13569,8
722,906.1735,877.4664,34.304589,14691,17095,4524,2.0992,0.9961,7262,4
723,332.4907,2838.6409,47.43953,6340,13523,733,1.6313,0.8576,8516,3
724,3705.6058,2896.5765,13.402433,10957,39,2747,4.8687,0.0638,11031,9
725,2872.3698,2448.1274,40.573316,3766,17660,2264,5.3396,0.9533,12003,8
726,4209.1455,3223.7298,2.768085,2828,16003,4509,9.4945,0.6127,7530,3
727,698.8705,1149.1413,26.906097,2059,4858,3805,0.825,0.8009,1686,5
728,3976.3386,2763.3158,3.527596,11520,16313,2428,6.0387,0.4072,13374,9
729,1008.1446,1860.8726,46.701656,731,1437,232,5.3123,0.3197,3713,0
730,818.2881,3308.3397,38.317587,1833,18484,4931,5.2107,0.4632,14523,1
731,821.3373,706.1263,32.89753,8601,7694,4354,8.7443,0.1469,7059,3
732,4072.8755,2854.3914,41.194837,15619,13219,403,2.1348,0.3571,8734,8
733,3325.9895,926.3599,32.376025,7171,4252,4866,0.5037,0.8576,2945,5
734,2615.3319,1393.2225,48.447223,4180,9306,65,6.7555,0.038,1328,5
735,1794.1588,1093.5568,35.697926,6300,10591,2238,3.5171,0.1509,5907,8
736,4386.0039,914.1971,46.232938,7831,19619,950,0.2741,0.1251,8831,3
737,1962.2316,4128.5565,25.856643,11440,7663,173,2.5886,0.4031,12724,2
738,4082.999,1428.545,5.853309,4803,3124,2676,3.1623,0.997,2261,6
739,2195.6802,4635.6196,26.408933,6616,17038,1251,6.2067,0.1734,1430,6
740,1884.7284,4849.6329,6.343729,6763,4159,3049,1.8086,0.1455,11058,8
741,2313.4043,2856.3066,29.624715,5544,8701,4006,4.1892,0.9151,9154,5
742,1506.8964,715.0142,24.124705,4884,10532,638,4.8765,0.8821,13446,1
743,3738.0494,1872.7475,31.128808,15740,9880,949,4.6465,0.0322,13205,5
744,2513.6069,3988.6633,0.502448,667,5544,2261,9.742,0.7517,2963,7
745,1161.0712,1836.96,9.742105,277,13981,1695,0.5505,0.6555,7387,5
746,4497.8739,435.0952,24.566572,14064,15157,4848,9.5146,0.7677,2469,8
747,1919.4623,2783.929,47.525183,882,9581,4758,5.8612,0.4945,14655,3
748,2717.7689,4225.6058,19.180514,2061,18582,143,7.9777,0.9914,3229,2
749,4532.3615,3979.634,21.218659,14678,3912,4582,4.3609,0.0438,14524,4
750,3121.1937,875.6239,35.734833,18467,13583,1461,4.593,0.2344,13788,2
751,584.499,3363.8263,30.189677,6703,11121,3888,8.8053,0.3965,14498,1
752,4699.1612,1102.5291,14.946378,9430,5236,293,8.9698,0.4498,8321,1
753,3138.544,1091.0455,20.540879,15854,4800,1644,2.463,0.9214,4400,3
754,1674.5347,4370.3601,10.885068,159,14226,2719,2.0725,0.56,3967,2
755,696.369,1248.3523,48.301076,15997,16710,838,5.0127,0.0451,9109,8
756,3970.128,1316.2441,6.531806,5230,3767,1038,9.0127,0.4079,5282,6
757,3100.3676,3.2769,18.591902,7957,4112,272,3.2913,0.4165,5018,5
758,2667.3101,4353.3465,1.292046,12567,7016,1959,6.5549,0.9655,5156,9
759,4469.464,3962.9761,11.089052,2527,6857,2370,7.1107,0.5992,1251,7
760,3942.9882,3136.6484,39.023579,7804,16491,806,7.8089,0.6357,10391,8
761,758.3829,3751.3313,10.058841,6575,2427,3175,5.6829,0.7133,4689,2
762,1558.6172,760.2513,4.003262,8734,14498,883,4.0843,0.77,14383,9
763,1242.4532,2291.6234,23.722712,17523,18916,832,9.6735,0.6351,4074,6
764,3719.734,1756.1034,0.498561,7258,11337,3172,6.1522,0.2372,3788,8
765,167.6718,468.8917,4.238399,3284,5317,2192,7.3128,0.874,9132,0
766,2849.4527,2430.6576,40.381313,15910,5363,2041,3.5153,0.7321,14996,9
767,3812.2958,4603.699,38.57369,11803,4694,1595,6.7325,0.7419,10471,8
768,4383.8294,200.3052,45.75695,7897,8991,1627,2.6522,0.9966,5659,6
769,1710.4153,1457.3117,42.725786,18804,15134,3585,2.5265,0.8025,9194,9
770,4106.2883,1037.7126,34.15881,13527,14179,274,7.1757,0.8292,3773,3
771,553.1676,1190.7409,2.616738,18141,10630,590,5.2618,0.9514,2213,5
772,4232.263,4542.1737,39.142453,11279,18396,2701,6.8644,0.1511,6868,5
773,637.452,2340.3506,42.275556,13243,14752,583,2.7674,0.4977,6964,5
774,1986.4425,2331.5024,39.954127,18691,426,3634,6.0274,0.5806,9803,1
775,3986.4789,3802.8806,25.424001,2571,3045,1991,4.4949,0.3293,9820,4
776,749.5956,772.4695,11.645169,325,11481,1259,6.0099,0.8394,5694,6
777,1146.2647,2436.3319,42.266514,9722,11107,2867,2.9797,0.7624,11330,5
778,3611.2656,2149.9318,36.358168,5646,6230,3739,7.183,0.7209,3992,2
779,3600.1855,2984.5575,49.038061,18330,1240,572,8.0787,0.9971,9296,4
780,3205.7418,4997.7885,7.784714,14405,6567,545,2.6732,0.2594,2188,7
781,3469.7453,3847.2468,11.283307,4487,19776,4223,3.0761,0.7355,14736,4
782,2713.6268,1989.3345,10.589986,2431,4214,4829,6.6454,0.5514,14244,9
783,1259.0028,4137.767,39.627009,19895,3007,4513,6.9863,0.313,12418,2
784,1728.4865,853.5501,9.345446,17230,7026,638,7.0706,0.1606,3033,8
785,907.9968,152.3281,3.333085,13157,19424,41,6.8587,0.8959,11006,2
786,4542.2537,1022.2498,49.92804,568,6559,4883,3.9888,0.5955,10686,1
787,2916.9631,1702.0644,1.240958,2180,1185,4393,4.0091,0.8249,3904,5
788,2004.2631,2552.9087,41.762219,2020,18969,1621,2.6227,0.5453,8221,7
789,2310.0344,3075.6496,18.268406,15920,14431,3673,1.6527,0.22,12252,5
790,4736.4172,4553.0295,42.080789,19704,8103,4138,6.9565,0.3375,13514,0
791,766.7655,2549.2749,27.731069,18705,13870,4129,1.0226,0.3815,9453,7
792,2931.1533,2506.3832,45.081571,18031,7117,1300,9.3841,0.9729,3671,0
793,2529.4483,251.2245,46.309657,3910,12938,4712,8.2842,0.0056,5728,8
794,3057.2751,174.5674,0.455008,8016,4384,160,8.5893,0.9857,4895,7
795,90.5607,2755.8043,3.770701,3421,18084,1953,9.076,0.9805,13651,5
796,4360.6208,2190.8987,12.518011,14886,4508,1732,4.1452,0.9962,5519,1
797,4660.5921,4195.9036,33.465804,16741,14736,2447,8.4823,0.4766,11703,8
798,2825.6703,803.4063,44.413621,7486,16520,3163,1.6648,0.9638,2337,7
799,3483.2572,124.8681,22.997152,19466,2026,1733,0.3143,0.3956,3324,3
800,4612.4977,2245.1993,30.348695,18665,19920,581,7.8704,0.0263,7121,1
801,3536.1961,1187.4004,9.425074,4132,4855,220,0.8405,0.2243,7860,5
802,762.7037,248.0814,40.248361,10653,5368,4475,9.8864,0.9453,100,0
803,2881.446,3622.9942,48.366409,14380,2891,1750,6.7805,0.0138,14228,6
804,3033.5792,557.9739,13.43002,14904,19142,1471,7.5592,0.546,3657,0
805,2120.6591,3041.6014,24.741348,15914,3774,4329,2.5335,0.0756,12710,5
806,3682.2238,1405.2559,4.305897,19172,15820,1395,6.7713,0.2864,6787,4
807,4671.8357,867.4885,27.956877,9471,1529,922,0.5279,0.0881,694,9
808,4627.8433,1898.7638,25.139222,16850,11821,2774,8.3945,0.8595,4802,2
809,2254.2023,4007.2309,7.22191,11541,5050,4463,1.7793,0.5911,8210,5
810,566.1991,1960.474,22.103366,17872,849,4577,7.0038,0.9021,14807,3
811,4924.2061,3753.8507,16.705299,4598,10120,3435,2.3224,0.6884,3710,5
812,4194.492,627.4402,26.091592,4537,10358,3583,0.7777,0.971,2771,3
813,623.3222,3863.8594,29.282758,16710,16168,1119,4.8668,0.5099,1031,0
814,4604.2102,1184.6743,0.424878,9958,12479,1866,1.7759,0.6387,14755,4
815,4349.4831,3386.9689,38.050323,4163,2122,4312,7.3215,0.5763,4476,7
816,2594.1951,2828.9121,35.650743,304,12911,725,2.4519,0.4843,14844,5
817,2956.3813,4645.7243,18.314383,5068,4682,712,3.4905,0.846,4210,9
818,1995.0195,1936.6187,2.646891,5025,14756,1826,5.7176,0.6445,6996,8
819,273.8176,330.8353,37.746651,7716,473,3927,2.9212,0.8013,14847,3
820,1675.9929,95.7872,47.758763,11227,18172,391,3.8421,0.7864,1620,9
821,4014.2692,4134.2945,12.007656,2632,114,1071,8.1747,0.191,9043,8
822,23.1701,2623.6829,16.176298,13413,13691,4488,1.8742,0.6502,10089,7
823,1667.5025,3876.2225,9.190726,15038,6474,2766,0.9138,0.1996,9168,2
824,1990.8495,1172.1357,28.846848,11648,8531,4481,3.3507,0.5833,14950,5
825,2686.9826,1725.4253,7.742154,12570,18670,2429,4.3013,0.6774,2517,3
826,4599.2789,150.5291,17.809762,2370,1197,4495,5.4723,0.9972,12381,0
827,1731.7365,4807.462,34.850681,11660,16463,2148,3.787,0.0305,9708,8
828,1734.7725,3339.3429,28.005843,529,6018,3573,7.9201,0.0912,7996,3
829,3687.5089,4666.0261,19.32319,10503,2653,4479,0.4893,0.077,1126,4
830,2261.0952,1327.4894,21.012538,4676,10833,2755,4.3745,0.3984,8685,2
831,1123.0319,3057.3219,28.105588,18048,5386,3264,3.8843,0.8216,6907,3
832,2262.2031,3392.5031,0.293336,19749,14709,3826,6.511,0.8441,5605,8
833,704.2937,1587.7553,3.925586,2342,17212,3417,9.6661,0.737,3037,6
834,881.9432,4240.5477,44.062915,13920,14572,2058,5.1527,0.8969,2527,7
835,2491.8439,4735.8078,3.894042,14731,11003,2312,9.8701,0.3229,14324,2
836,2094.6331,4424.2767,35.340209,15257,3386,2880,3.0923,0.0882,167,2
837,4574.2304,3695.3375,46.001916,4906,1966,3643,0.4056,0.0582,12428,6
838,1811.9759,1387.3306,13.534253,15540,2428,2610,1.7401,0.8521,4190,7
839,2902.9459,1408.0874,18.524635,15256,2842,1431,4.0117,0.7304,7349,4
840,3161.3251,4816.802,28.446113,8885,6564,1914,3.2317,0.6986,576,0
841,65.4822,51.4324,44.08546,9144,14388,758,1.0608,0.3397,7172,2
842,3317.6902,3580.2527,47.095285,5951,5841,2135,4.3833,0.3799,8798,4
843,890.1881,3531.2338,36.978188,1361,15155,1913,3.4473,0.9581,3344,2
844,4805.352,3113.4515,4.331079,5128,14094,1740,1.3139,0.0638,1819,0
845,743.3222,4950.5443,33.457741,14253,4353,3218,3.0316,0.7737,9348,6
846,2073.1265,1559.4041,20.515245,8731,185,4757,8.8757,0.3096,12872,0
847,426.7575,1699.8659,23.535103,3926,10385,1135,3.0903,0.0391,9008,9
848,4984.3713,394.7062,2.457515,8464,14320,3713,7.1682,0.7426,6024,5
849,2510.98,2213.9963,9.553188,17413,8438,765,6.1593,0.3309,10833,5
850,2976.9291,1305.25,39.525701,1243,10427,2726,4.3291,0.7221,9728,6
851,335.3917,1716.9401,22.697996,8785,7505,3369,2.4664,0.7077,10926,0
852,3749.8049,4172.8606,15.083182,9798,18472,3498,3.7532,0.5348,7980,2
853,1049.5359,4677.4232,19.201015,6407,601,1673,5.9619,0.7774,9155,8
854,4490.2725,928.6735,42.71999,19762,7805,3406,3.5725,0.581,11227,1
855,1025.7062,1862.5509,37.449976,13966,13250,583,2.2275,0.2866,5172,4
856,953.4467,4643.1535,13.615843,13734,5538,4767,1.253,0.7341,10240,2
857,182.758,309.0517,5.87518,17825,19418,4634,8.8097,0.5891,5410,4
858,2360.34,461.8117,12.599986,3627,18441,1822,4.4591,0.0127,4542,6
859,2824.21,813.9633,46.03783,10075,14686,1186,6.2896,0.9016,6381,0
860,328.5525,2976.0682,29.079484,16569,8725,4526,4.9551,0.5456,3861,2
861,3877.6403,752.3699,26.674057,8032,5085,1638,8.7384,0.8686,1515,5
862,2266.4496,4840.3822,29.81972,3189,2043,2181,5.5147,0.8827,11544,6
863,2621.9561,2233.5782,18.301477,2946,16742,189,4.8597,0.445,1068,9
864,2203.8193,2507.5948,40.35537,6766,16762,1747,9.2535,0.5077,882,2
865,2003.8213,1233.3006,26.16436,18859,13337,3827,7.2249,0.4158,6910,3
866,2798.2061,2354.8066,5.837483,10808,13415,2621,1.2043,0.4494,5033,5
867,776.2097,3309.5715,6.453343,10205,4798,3946,1.8593,0.8951,14237,4
868,909.6488,3755.8882,26.843004,9353,3308,2327,7.8925,0.7881,6503,8
869,4308.9295,3769.3429,46.828517,4600,13722,1185,8.3749,0.1265,14982,0
870,4730.5778,2889.4598,15.417675,4314,2597,2794,5.4974,0.6103,3640,4
871,1866.5528,4521.7998,43.477071,2219,17168,2947,5.5891,0.9959,9742,0
872,1353.7307,4087.0411,38.204803,13787,18764,2501,6.3561,0.5956,10930,7
873,3220.0013,3785.243,12.390697,17537,11796,4947,4.4472,0.7859,4558,6
874,2043.6768,278.0371,1.817134,57,14985,170,6.834,0.7691,8293,4
875,126.9415,34.3997,5.092453,12534,12135,4926,1.174,0.3503,3533,5
876,780.7714,1062.2443,36.424724,144,10783,2746,9.6167,0.3718,2817,3
877,3579.864,3317.6213,9.983567,7219,9235,1081,7.5265,0.7241,6412,8
878,3294.6231,2055.9933,18.563609,8560,18923,1264,6.3486,0.5,408,2
879,135.4897,2012.0373,25.085008,616,14619,4865,3.2316,0.5706,7205,1
880,1109.8686,4422.9356,36.273436,8063,17246,4454,1.6935,0.7129,2516,6
881,1155.3817,4477.8153,5.66165,11521,18261,2249,4.1525,0.7776,8134,1
882,3359.467,4545.8772,20.31838,5978,10028,3909,6.6496,0.2715,1740,5
883,98.5625,1569.3972,24.253697,11420,13987,1326,6.3737,0.1468,4053,7
884,520.5519,3455.2822,27.041399,9781,12401,3178,3.8881,0.2918,259,2
885,3999.5824,1358.1732,40.91805,10682,3527,3874,6.1715,0.5075,8701,2
886,892.7315,953.0573,8.583993,6985,11594,2149,8.1561,0.3421,5787,2
887,3263.734,923.1704,40.391592,4972,1623,1689,0.3602,0.5684,12014,0
888,1190.9215,1710.5447,34.643952,945,5519,2986,4.5611,0.0535,12597,8
889,497.216,2149.7938,27.793585,9115,2658,2077,7.6097,0.5098,3684,4
890,1215.8685,4154.7475,34.976424,7079,18317,1530,5.5068,0.368,4721,8
891,3611.3374,599.4643,20.600946,18131,8700,1462,6.5496,0.5347,14446,4
892,4278.4838,3674.6319,6.919965,12313,13956,1403,5.2151,0.4225,3727,6
893,4151.101,2657.2793,33.288295,5784,19863,73,9.9196,0.2842,679,0
894,1985.9237,1439.7338,26.233663,9752,2657,4350,0.6408,0.9041,9476,8
895,3340.429,2464.103,31.968776,6908,16674,4035,4.9613,0.1848,13969,0
896,1024.9294,1499.7173,16.900005,19311,5859,4612,1.005,0.6814,13030,3
897,1465.7457,2980.4138,45.343338,17474,19214,2797,1.6819,0.9246,9099,6
898,4481.6801,2169.2253,29.368535,2958,10402,4517,3.8921,0.5387,8460,8
899,65.0195,822.036,4.270216,18997,8759,2494,1.6398,0.8764,6127,0
900,427.5518,582.9242,22.490255,6048,1474,4975,9.6405,0.1249,11296,5
901,1039.4392,2733.4829,37.817827,6250,13282,4232,9.4732,0.4938,13228,9
902,132.6708,4512.0661,39.706749,16348,15965,3577,3.4275,0.457,4907,4
903,907.1854,1719.795,24.729903,3760,18372,33,6.4335,0.0081,7899,2
904,2915.212,3665.0032,44.737389,4264,12058,2695,5.3842,0.4433,1201,9
905,2107.1285,3293.3102,13.383495,10282,7674,4374,8.1743,0.369,14440,1
906,4463.3596,4657.7753,20.529994,1903,19645,4846,6.3117,0.6698,5356,0
907,4087.2196,4104.9069,44.929856,2568,14282,3599,0.1025,0.9383,1117,1
908,1709.0933,2833.0306,44.812846,10191,3252,2393,7.6554,0.0858,6345,3
909,1297.1246,3285.1559,34.28567,8076,5055,4113,7.4938,0.3275,5931,5
910,1898.4682,4491.9333,42.949041,2995,1717,2872,5.1463,0.4441,9091,4
911,2951.4788,1997.5999,4.438754,5230,9205,2678,9.0389,0.4552,10983,3
912,1340.3255,1633.9803,43.249762,2011,14107,1402,9.0936,0.7748,13213,7
913,3120.7483,54.0653,16.031063,7378,1311,818,5.2867,0.4434,14079,6
914,2047.0642,4132.7571,8.916658,13037,17002,1661,6.1191,0.0272,10837,3
915,2760.2404,4004.9055,11.968568,17215,15883,4563,9.9656,0.7101,1059,9
916,2180.6383,522.2815,20.898484,49,4258,4724,3.0583,0.8848,7285,4
917,1472.3359,2884.2911,12.559675,4211,15847,2439,3.3137,0.5139,688,9
918,4742.2671,2319.9139,16.028447,17563,10421,2984,1.9095,0.5811,5578,4
919,3818.0313,593.5543,6.749011,14839,13013,1211,8.9691,0.1629,5591,2
920,700.5745,4902.8413,14.808909,16039,469,600,7.4704,0.2206,14247,8
921,4342.3412,1073.4873,28.614233,7879,5906,1847,1.1459,0.2352,8153,4
922,2437.1611,336.1802,22.092741,16455,12309,1856,9.8195,0.4307,7064,9
923,4472.7622,2974.2409,17.336003,15348,15635,1888,7.3365,0.9281,8980,1
924,3999.2783,3694.336,37.322632,7880,14802,680,8.5202,0.5218,12687,3
925,2126.0733,162.2269,44.675509,18162,17524,3253,0.5767,0.1921,10837,3
926,112.3563,3293.5916,37.839485,13255,9629,1836,5.0991,0.2661,10357,4
927,1343.3941,2661.4641,16.600102,7381,8729,4031,7.0161,0.384,12650,7
928,2708.1757,516.334,37.222134,2229,17336,2178,5.4752,0.6233,8396,4
929,3167.3948,862.6277,7.599094,9815,11006,149,6.6998,0.44,11410,0
930,1289.4458,2839.8758,6.515986,8889,19391,1496,8.197,0.3924,2492,1
931,696.789,1481.7951,17.281417,6392,7891,4914,3.8059,0.5647,4823,2
932,4174.6528,4691.5793,40.385138,9430,7078,1745,8.5018,0.2418,10231,2
933,4922.0111,4093.703,12.317488,18791,1972,1647,1.7129,0.0789,13929,9
934,2628.4557,4917.8362,3.162764,638,13569,2996,2.7818,0.0244,7005,5
935,858.4047,1298.3616,6.585564,17334,1192,1673,0.5291,0.2513,11561,8
936,1361.5439,4848.6185,42.937263,10097,12821,1940,3.7078,0.0916,7012,9
937,91.9632,2156.175,31.689201,3588,7766,658,3.8611,0.3363,5701,0
938,4571.4949,1737.6005,12.660133,1112,10255,3668,8.0722,0.7729,11751,5
939,588.7642,251.7571,27.764836,8368,3047,1054,6.566,0.7163,12250,8
940,2882.5866,263.8358,26.379028,723,11751,4072,4.4236,0.6109,4863,3
941,1370.2834,3460.0594,32.771833,4867,12704,577,6.5559,0.8525,5351,9
942,2770.8945,2289.6504,11.659454,10140,16689,3096,0.6226,0.2821,9419,2
943,3257.1054,1132.6159,43.220163,17087,8044,3032,1.8847,0.8851,14698,5
944,4148.7107,3069.8554,15.468497,2129,4909,4819,6.3068,0.3992,12683,5
945,1032.1143,1264.2981,34.706613,9119,10628,4780,6.4495,0.4009,12536,1
946,54.989,2888.163,0.806331,2518,2805,4838,7.7639,0.4054,11704,4
947,684.4368,1796.0501,18.632919,17534,10177,2973,4.0897,0.0981,9106,0
948,4500.0942,4117.7629,17.585556,14229,3937,3949,7.2533,0.9755,9612,8
949,4369.4516,4103.4826,27.174267,14180,17097,2046,6.8714,0.1385,10896,8
950,2987.0695,2386.7572,3.636906,18263,9874,3937,9.6376,0.3409,14107,2
951,3002.5883,1754.102,39.50659,9676,11391,2949,2.2298,0.3193,356,4
952,3325.1867,1812.8054,10.889118,310,8367,1628,5.5616,0.0747,3473,2
953,876.8646,4028.5746,33.851923,3953,19590,1489,6.0575,0.1523,8433,6
954,4572.0606,1640.9041,40.160626,19434,14615,4146,9.9866,0.0449,10103,0
955,2093.8584,1045.3048,28.093892,13872,6507,4199,2.0917,0.2924,10469,4
956,1915.6988,423.4509,37.044186,9693,18157,4464,5.2799,0.8667,7711,5
957,2594.5933,2333.4709,33.093049,16,17459,936,3.5272,0.3394,8813,6
958,234.8394,2410.6657,17.776554,16990,8784,3564,5.3063,0.1237,13851,2
959,831.4252,4204.5451,40.442946,16006,11171,3630,2.3981,0.6457,855,6
960,3690.1707,1106.2013,14.735139,14279,14610,1715,0.5714,0.9966,11936,3
961,414.0025,1904.9626,28.560689,14818,7323,1803,5.7684,0.2323,14865,9
962,3015.7645,4042.0306,37.269912,9760,12175,1421,3.425,0.2796,10507,5
963,1226.7531,4118.1198,18.947858,15665,16209,3592,1.9012,0.9718,11393,4
964,1946.4842,1923.0615,15.13845,6413,2411,3521,3.307,0.1788,6364,3
965,1443.4758,2295.6255,22.967355,10197,13637,3312,0.5879,0.5112,13394,5
966,1778.37,1516.4364,40.898193,8508,9040,2306,9.5094,0.2397,6705,2
967,3595.2323,4662.7751,46.496095,4821,14991,1996,5.8534,0.9324,3625,2
968,1485.6156,593.2276,27.254216,7836,6442,1968,8.1662,0.9815,5447,4
969,2832.0275,4668.7478,33.073344,1850,8686,3715,4.2889,0.8147,9253,4
970,2380.2573,3419.3354,45.163691,13588,13779,4036,9.0428,0.3148,8574,8
971,3318.3592,2657.8654,4.927433,1954,13192,4486,4.8849,0.4035,6032,3
972,4684.1493,163.305,11.604006,19154,9733,4869,5.7821,0.2423,6183,4
973,3662.8632,2377.9862,35.445029,12732,3957,3459,4.9688,0.8908,1133,8
974,1074.7097,2038.7464,41.187241,19431,6554,394,7.3595,0.9146,2477,3
975,155.9254,806.1024,42.851466,6841,19479,4779,5.7099,0.4189,3136,2
976,1311.3276,3282.0515,20.755417,5067,2366,3731,2.7888,0.6565,11031,6
977,2975.3937,4855.7548,4.467086,2416,6669,4366,1.5408,0.1656,2080,6
978,257.1386,2810.9484,21.88913,2390,5001,4245,6.1006,0.4349,945,7
979,2481.8363,3573.7692,11.536806,16212,19732,4907,4.9429,0.6315,5841,3
980,2984.2183,342.2616,14.559894,764,3676,28,1.0502,0.3854,3963,3
981,1671.2261,2088.3408,38.613401,17200,12908,3492,4.0166,0.3576,6675,8
982,3854.5633,581.8013,3.776447,6256,17337,4262,5.1963,0.001,12394,9
983,533.0002,3063.983,41.379078,17262,19685,1174,8.2862,0.8043,10722,6
984,375.6982,4692.4114,21.383512,7174,19564,339,0.8534,0.8893,12494,2
985,3640.9465,3308.892,29.803237,10519,15137,1069,3.5501,0.9695,11511,8
986,2477.4616,384.0245,4.482703,10253,11156,842,8.2443,0.7193,835,4
987,3442.0151,1773.3375,16.86802,12448,12220,4285,6.5194,0.5488,3751,3
988,2174.1423,2753.3214,4.485137,15090,3248,4747,2.9706,0.2693,4185,0
989,1232.0177,2016.0447,48.07719,9396,4416,294,8.4688,0.9993,11580,8
990,4095.5134,4168.2217,40.363102,12068,19742,1858,4.9836,0.5898,7179,5
991,3997.0814,4073.3569,22.981692,19208,6473,1323,5.0337,0.6812,5169,1
992,3473.4854,3059.159,11.180205,5288,4849,1648,9.7682,0.6824,4992,6
993,1360.733,1867.296,46.672762,19670,1038,4899,9.4765,0.8453,8147,2
994,2951.1574,1276.6893,17.229895,13462,15635,3621,3.6495,0.0097,13885,5
995,1804.8759,529.3805,8.049305,13403,8263,4527,1.4917,0.2202,5291,7
996,457.9195,1774.4949,28.158263,7434,11067,3095,3.3241,0.6655,4239,2
997,4586.5687,2065.8685,47.188712,11285,15555,3492,0.4018,0.8951,8399,4
998,684.1018,3379.1179,0.191614,4827,7009,3496,0.3056,0.6853,8166,5
999,4751.1873,3290.8025,11.906318,3665,15264,4583,4.0157,0.4135,3535,0
1000,2230.0344,350.55,46.922388,10529,16239,3802,9.4161,0.3616,14845,9
1001,925.6728,1976.3026,8.554381,498,5643,89,8.7264,0.7379,2053,6
1002,2709.5093,908.9025,5.662261,7642,16490,4367,5.1633,0.7412,12499,3
1003,4364.7304,784.072,28.509404,4644,17154,1957,5.6957,0.6071,8152,9
1004,3661.1271,4136.5125,43.092205,5057,19325,900,0.1587,0.2915,29,6
1005,4032.8077,209.5857,23.855543,132,14532,3478,2.2335,0.9252,9406,6
1006,3293.9202,2095.9202,49.728213,5444,10385,1745,0.3453,0.5519,8380,4
1007,3461.3859,841.0266,33.958617,17242,16337,4374,7.5699,0.7905,1861,7
1008,4245.9798,4396.6523,3.703838,13444,13662,2254,1.5419,0.2143,7935,7
1009,1248.3475,2785.207,49.641607,8713,11688,3662,8.7036,0.344,13462,4
1010,2447.1299,1156.9109,20.394771,8222,13405,2961,6.4689,0.8746,2573,4
1011,1106.055,2512.1414,14.370198,15661,4356,1634,2.3712,0.0501,8052,6
1012,4938.3402,3657.4345,27.894003,6148,934,862,1.6614,0.5123,6129,5
1013,4720.2973,4790.5905,15.215449,11589,8767,4702,6.3135,0.4817,4015,3
1014,197.1437,1102.2378,4.322967,4605,5907,1014,9.0183,0.7512,13678,1
1015,3527.8788,4430.91,0.071517,9453,12573,3300,7.2118,0.2819,4253,7
1016,4626.2423,4671.5212,22.479223,17943,12280,1507,3.5506,0.2191,2128,2
1017,902.8849,4582.1036,41.843187,16400,10724,3206,5.9151,0.9261,10084,1
1018,2839.7305,3177.0754,28.615802,3606,10612,4804,3.1765,0.5717,13585,9
1019,4577.4423,3149.107,49.960365,13285,8262,978,9.9916,0.1047,2708,6
1020,169.7396,2016.0591,14.342404,1608,4475,3462,7.5135,0.193,9934,9
1021,3487.1044,3761.9919,14.022825,11710,16639,1818,6.1824,0.9988,10866,5
1022,1486.7521,2656.4748,7.987557,2017,4788,3685,4.2903,0.1956,1814,7
1023,4621.9817,3387.1936,8.203263,3575,13576,4059,6.2197,0.6105,12520,5
1024,4855.2915,2142.2952,14.259401,13542,7863,2635,3.482,0.4201,7817,6
1025,4721.333,3657.485,39.642023,7275,10957,4902,0.3858,0.8856,8352,1
1026,2371.0763,4122.3593,45.287849,9936,10664,4816,4.0114,0.7552,8536,9
1027,4310.2146,732.1898,48.754361,15749,16121,3667,9.3118,0.597,8397,1
1028,4222.7485,4164.6502,11.614559,6407,3743,949,6.3004,0.0107,11235,5
1029,1595.5092,2701.4873,44.064889,11827,2036,474,0.9312,0.8798,11078,8
1030,4144.5791,4223.3311,16.412822,17473,1968,568,8.8614,0.4447,8497,2
1031,185.0478,2156.5142,5.642116,1362,1853,3433,2.7619,0.9316,13672,9
1032,2981.3534,1895.2086,43.501259,4474,19568,4024,2.5133,0.4955,10910,7
1033,1150.0519,4575.3045,31.805318,7320,10548,2259,3.0412,0.6942,12134,4
1034,602.8432,1255.8538,8.236628,8668,6619,3145,5.8143,0.0693,8592,5
1035,384.7752,4221.0632,21.49162,9482,13860,4311,5.4924,0.7452,11713,5
1036,3481.4469,2420.108,14.362956,8521,8304,4996,4.965,0.338,6250,9
1037,1699.3814,2570.4821,36.839755,17571,11351,1983,7.2036,0.3514,6486,2
1038,3623.8366,1542.3483,22.670866,19799,16567,1097,3.2337,0.1187,9178,4
1039,326.7911,2865.2153,49.463998,3537,165,3571,7.8424,0.1469,1806,0
1040,1576.4585,1626.0627,2.737344,1774,6959,3391,1.8357,0.1858,5048,1
1041,2697.4611,196.3567,17.750828,10256,2138,2673,7.8479,0.3282,5541,9
1042,3953.6179,1360.0003,24.09506,2559,10216,3647,6.6717,0.892,2097,2
1043,1593.7693,31.9052,25.156727,5080,16839,2420,6.8638,0.3683,12494,3
1044,3129.4606,4891.7742,15.79686,14342,18670,4280,4.8674,0.7244,5338,8
1045,4429.8899,4828.7364,36.46204,19676,16926,3349,6.7033,0.0827,14130,0
1046,3079.3198,1975.7825,43.737366,9982,6034,674,0.89,0.5911,1460,2
1047,1164.805,3641.857,46.935971,3525,2666,2803,8.5304,0.4819,6935,2
1048,122.0137,1729.037,40.254688,19889,13130,2370,0.6499,0.978,9538,5
1049,4350.4957,3355.4691,42.529025,8999,12126,4531,1.5725,0.8462,8423,4
1050,106.3568,4027.1522,27.52731,13698,6190,1067,5.8102,0.4548,3783,2
1051,4373.5096,4733.7818,41.294429,19051,13709,688,7.4202,0.7751,13799,3
1052,2644.6904,2001.0674,15.175265,13607,18073,4984,0.8549,0.193,3501,6
1053,4695.3391,3916.4921,19.923998,13430,5096,69,9.2156,0.5623,9075,2
1054,3993.9182,1329.6496,15.845719,16040,14410,2104,9.7387,0.0746,10966,8
1055,4989.6706,4951.6616,23.36942,7141,7584,420,6.0989,0.3481,10524,7
1056,1753.5656,128.8577,14.279052,8786,1638,3999,4.8643,0.2259,5606,1
1057,3835.9438,3017.648,48.080576,14902,14671,2598,7.4398,0.7189,6420,4
1058,2009.6605,3297.5333,15.6423,3281,5967,4339,3.3507,0.4901,8625,3
1059,2399.3833,3440.2309,4.902317,2213,4671,2125,4.9833,0.7511,9401,4
1060,3137.531,601.9467,26.340906,15214,5204,3893,9.1699,0.5153,7890,2
1061,4368.3868,4692.6495,2.855048,8079,18275,440,9.561,0.0865,10873,9
1062,4920.4175,905.9246,5.527247,15937,19590,1287,9.278,0.7354,10456,0
1063,3841.3694,3113.7708,10.969548,16998,8670,1209,2.6982,0.8332,14433,7
1064,2088.8397,1113.3882,23.217566,14275,14969,1079,2.4014,0.9035,11195,8
1065,2106.7908,1536.089,21.662603,869,2367,2564,3.0469,0.572,5239,7
1066,3687.9141,2732.2972,39.984613,17196,18911,3624,4.469,0.7536,10605,3
1067,1193.8933,2085.9729,36.973759,16043,367,1254,3.2103,0.752,1818,1
1068,552.3795,801.1364,21.315972,15408,15648,3358,3.8047,0.1557,7571,3
1069,1773.1172,854.6903,16.685277,16255,9908,3210,6.2443,0.1642,5104,8
1070,1436.2021,2090.7298,15.823508,1745,6607,3550,7.649,0.0709,618,9
1071,1481.5476,3786.4173,38.699777,2257,13,615,7.382,0.3199,12685,8
1072,1168.0464,4489.8243,2.603715,11860,19624,3079,8.1628,0.4735,10698,4
1073,210.4755,420.6475,0.641181,5424,2318,2724,0.4186,0.9979,8510,4
1074,89.3795,1965.5256,39.77724,5090,15430,3491,0.5726,0.431,14718,9
1075,4938.6121,501.2368,23.857371,6609,7486,3544,7.9149,0.7262,6286,2
1076,2138.8714,82.9722,6.544144,9718,16760,4516,5.3775,0.6934,457,5
1077,1921.6394,3308.5968,11.778373,17854,257,1901,5.8236,0.2045,501,6
1078,3398.2396,3012.2512,46.625204,19060,16834,4372,0.6206,0.0585,8075,9
1079,1091.2773,815.1039,42.975163,17898,15904,1713,2.6276,0.546,12611,8
1080,4749.8064,1169.0718,35.489282,4877,3213,2330,6.4197,0.7003,13288,6
1081,3931.7272,118.5485,24.111313,17836,6176,3620,8.6059,0.9983,2316,2
1082,447.0641,4174.7377,26.016229,3008,13572,1195,9.1781,0.3586,3875,6
1083,2087.9097,4873.4532,48.762229,14326,16088,4907,5.0542,0.8964,6631,0
1084,4395.5927,677.3063,48.288526,3125,7447,1379,5.5002,0.3819,4974,1
1085,4723.6607,1157.3838,10.763531,1754,17693,1313,8.3472,0.6894,4775,3
1086,2337.0129,4342.0489,40.555247,17997,14878,2916,5.4225,0.5983,14350,6
1087,3067.0608,4632.3197,9.862214,3276,12944,750,5.2169,0.053,1004,8
1088,835.1781,2098.1427,10.676953,8748,10307,301,9.0603,0.0784,6849,4
1089,4955.8432,253.1219,33.804684,12444,4017,4696,7.9203,0.0208,12443,7
1090,1158.3662,196.9688,20.250114,18434,5913,3983,9.0998,0.3708,4197,6
1091,4713.6594,2869.7536,46.577227,825,443,4625,2.2606,0.7458,6716,4
1092,3248.2367,1964.4816,4.450578,13881,2945,3838,5.2913,0.1728,1067,2
1093,3038.6879,143.2719,25.576331,11042,3937,278,8.4405,0.6059,13623,2
1094,2563.4474,2916.2661,45.926085,19415,399,4759,1.2004,0.2888,4717,5
1095,1153.3568,56.5226,45.205693,1082,15697,2559,7.9672,0.797,9821,9
1096,882.6484,3936.8619,7.826545,11518,2996,3918,1.9114,0.7984,13303,3
1097,1102.4388,1532.171,18.331948,16877,6330,2162,8.1004,0.7754,6609,2
1098,932.1994,201.2996,30.956108,4765,2217,4676,6.1588,0.5248,3235,3
1099,3897.9246,2941.7652,7.969828,8267,18092,1390,2.013,0.2846,6495,2
1100,1750.6328,1988.4281,48.401112,11184,11524,691,4.7862,0.8094,10474,9
1101,289.2228,4869.0023,45.737475,19745,2569,4733,6.8509,0.1861,14240,5
1102,4845.5135,2720.9979,8.347592,16713,161,3469,6.3751,0.2898,4499,6
1103,4418.9306,1376.2032,6.057861,12878,15649,1849,4.3297,0.1839,10591,3
1104,4638.7621,3547.1972,4.270516,9983,8068,4919,9.0037,0.6742,11431,2
1105,4974.5392,1357.4673,45.472192,8969,3905,4971,5.2407,0.6862,5268,2
1106,869.4845,4521.2174,9.681271,14640,3574,3817,5.1081,0.6525,6172,2
1107,1981.2161,1873.6161,20.814305,4675,1826,940,0.7163,0.4156,12547,8
1108,3791.1948,2749.3473,22.442623,4317,13787,3183,9.229,0.1002,8096,2
1109,3480.1061,252.875,29.950592,15315,9816,3310,1.8535,0.9112,3670,2
1110,769.488,2130.6119,3.58686,9696,13795,2051,5.3306,0.5077,4716,7
1111,4079.1675,4161.8194,11.338008,15815,1177,1747,8.0553,0.407,9658,3
1112,1122.2106,4028.246,46.574526,19710,19605,2452,2.233,0.5888,6070,6
1113,1119.0958,1121.6006,45.420515,8380,7821,25,5.321,0.1928,1962,2
1114,2684.8767,1130.4031,39.064554,1215,16515,2557,2.4828,0.1325,13941,7
1115,2964.7037,4086.5284,0.97016,11639,19947,61,7.621,0.4055,876,2
1116,2900.4352,4651.9928,16.350406,10714,1500,123,5.687,0.2272,13839,4
1117,457.4433,476.8137,31.397974,15978,7627,2103,8.5742,0.2443,12262,0
1118,4387.3055,2250.2987,13.759583,12072,16138,1187,8.9561,0.8925,13523,4
1119,1328.0076,1687.278,45.479344,3137,19173,1731,6.5225,0.5308,12094,5
1120,647.5833,4353.4436,31.69451,6619,3709,4642,7.2814,0.4835,8735,6
1121,4443.7415,417.6337,3.595429,5266,1770,4090,5.5373,0.6895,3517,1
1122,4778.2579,1055.6376,45.450289,7966,9511,2473,3.9058,0.9515,3866,1
1123,4310.6395,3762.3442,47.888337,9598,14227,2966,6.5164,0.1122,12741,8
1124,4047.5823,256.4787,3.885713,8709,15635,2278,9.0921,0.8335,4500,9
1125,3276.2134,2462.682,26.618059,6570,6732,4088,4.2251,0.584,9211,0
1126,2754.2913,2210.5408,15.168284,17876,10966,2965,3.2127,0.1462,7234,1
1127,434.9429,1672.0126,19.642015,5214,19429,1311,3.9455,0.2971,9621,1
1128,2042.272,1972.8676,8.982643,11882,376,155,4.4104,0.4824,13171,9
1129,1863.4489,2649.7076,28.903647,4229,15518,2213,0.8283,0.6912,5948,6
1130,1298.7763,806.8452,47.898972,4410,19421,3254,5.0346,0.2426,575,5
1131,3617.1033,2859.9837,25.15368,591,6219,1263,4.9937,0.5349,1459,8
1132,2479.3837,4027.1636,4.145821,19441,17125,1363,5.9256,0.6847,7396,6
1133,405.2403,3800.807,31.000105,18591,8496,938,3.6919,0.4487,9692,2
1134,1100.9238,769.508,17.011216,2709,1086,512,6.1698,0.863,9684,2
1135,3416.297,746.2559,42.796274,5982,13074,187,8.7943,0.8695,3173,0
1136,380.6635,1340.8792,21.733964,12222,11372,1846,9.5592,0.4707,2471,7
1137,4256.0361,1805.38,9.642061,17132,17595,1703,5.8778,0.9729,3428,0
1138,2475.7377,2042.2838,9.555362,13786,11227,391,0.5217,0.0756,13451,1
1139,2402.9381,3398.4893,38.438232,6554,19504,655,9.6954,0.0034,7799,6
1140,2962.043,283.4116,13.279453,17882,10047,4272,7.088,0.3807,7737,0
1141,4123.4066,173.3732,38.361693,1380,16652,2822,3.426,0.6011,14885,3
1142,1739.0526,1959.5589,10.294445,7361,19159,764,1.5569,0.6292,10708,8
1143,3390.084,3485.8215,16.084386,3771,11042,3401,1.5198,0.4764,11744,7
1144,2828.6642,967.1848,23.274402,19727,4350,4807,1.7607,0.1249,4207,7
1145,1335.1487,3207.526,47.159798,14450,4966,3268,0.5512,0.1705,2201,2
1146,4393.1511,1299.1481,46.586578,9089,13493,1086,9.0313,0.8521,2965,4
1147,3987.1321,4430.4317,10.343673,1547,13337,1930,5.4536,0.8679,6906,3
1148,3292.2626,4478.4508,17.911016,19511,19844,4377,7.0296,0.6739,3314,7
1149,4252.9101,1486.443,7.470054,6209,17374,1964,8.2983,0.6642,2928,6
1150,4336.4723,1149.9765,25.499303,16351,12685,1786,7.9363,0.5977,8874,6
1151,3541.8178,2056.5257,23.029181,8876,17322,2275,8.8378,0.2029,13057,9
1152,4185.0683,1202.6655,45.038018,1296,6655,2687,9.6758,0.4283,8471,9
1153,3487.3603,3361.9225,46.500276,15862,7343,2969,4.4468,0.6959,4459,6
1154,3400.7071,4130.3252,19.178431,13974,2359,4573,9.5083,0.5373,1649,0
1155,3093.0607,3365.4639,24.586948,17770,19730,716,7.2606,0.0186,5528,6
1156,3763.5857,4121.754,44.811823,14482,6361,243,0.7996,0.9536,13487,3
1157,793.0339,1984.9668,40.33541,17327,3744,3916,6.8497,0.8448,12889,2
1158,4404.355,781.5933,0.182915,3281,7160,1524,6.8985,0.2605,9351,4
1159,4359.2189,3689.7574,16.003046,13598,519,838,9.068,0.6165,8185,1
1160,146.2461,1802.3789,21.08877,17418,16653,3324,3.792,0.9232,2342,7
1161,4129.0855,3356.3574,11.485891,2787,12926,2954,5.8906,0.096,1519,8
1162,644.358,1353.227,9.978661,2234,14811,1346,0.2207,0.503,1839,4
1163,1675.6009,406.1574,1.889322,1621,16240,2424,3.3875,0.4562,871,2
1164,3717.5438,4962.9091,32.168522,3536,5476,2029,0.7162,0.4102,5539,9
1165,803.8079,781.016,13.125588,19590,4186,1433,5.2665,0.8356,11470,6
1166,4089.8369,4942.1051,2.617454,2883,5162,240,8.1927,0.3806,9534,0
1167,4160.6726,4886.3999,11.549042,16555,9581,139,2.1438,0.0637,14409,9
1168,2537.3436,3969.0926,40.095717,9746,9887,3194,5.3217,0.0658,10499,2
1169,31.9393,3297.1182,42.574474,3898,11466,420,2.1197,0.0427,5478,8
1170,1435.1978,2889.0395,24.153364,15862,11222,304,1.2948,0.4091,9364,1
1171,3084.6384,4330.5091,20.803592,2838,2336,2163,5.1589,0.7184,12265,8
1172,4905.9311,1447.2047,48.892687,8600,3675,2027,0.8836,0.2037,13537,0
1173,3159.0713,2338.4114,10.028313,15912,4577,4103,5.9148,0.6465,1129,3
1174,1299.0253,3096.9537,10.768043,6722,14973,2227,0.4102,0.6871,11820,9
1175,3170.0322,2055.9583,14.59343,17064,501,1169,1.1565,0.2552,12192,5
1176,2699.9315,2137.438,8.637949,5488,8084,416,5.545,0.6006,6500,6
1177,3899.2292,1651.43,18.968342,15122,8295,2714,5.9549,0.6849,13850,2
1178,534.9121,2821.1634,45.54172,237,15721,150,0.387,0.4666,12080,8
1179,3805.1419,4252.8741,30.76743,11630,5544,2445,5.7764,0.3367,1285,3
1180,2706.3375,1007.6499,20.597386,11550,19131,839,8.4012,0.6192,8763,4
1181,4814.9604,4672.1658,46.720546,2424,3277,1697,7.2509,0.9778,14909,7
1182,1709.3674,3445.4414,2.423307,12907,19470,4340,1.3987,0.4268,2865,2
1183,3163.1131,4116.3678,10.513888,14989,6614,1911,5.9655,0.3917,6046,7
1184,4660.1412,2780.9579,28.294474,1033,11730,1422,6.7553,0.4643,12177,0
1185,512.5576,3897.5857,30.77767,6340,1328,4975,0.4686,0.0762,11334,7
1186,4686.1431,81.0118,1.977971,2941,7773,3002,8.5679,0.5532,1978,9
1187,3439.4317,4091.9039,20.151998,12263,10667,1321,9.072,0.3287,14269,7
1188,339.1946,200.7039,32.457733,19517,16290,4036,8.5195,0.1214,8639,5
1189,1504.8248,4449.568,34.903558,11653,18947,1524,8.2639,0.4663,13071,4
1190,3540.8634,4959.8138,31.907031,4943,19702,3879,7.4752,0.0034,9473,8
1191,336.7623,1470.3444,16.028229,6962,18821,553,6.371,0.4018,5040,5
1192,2910.8565,1051.6007,4.676097,7731,5770,3757,6.8184,0.1057,7040,0
1193,1729.4218,3826.8192,21.35568,634,13664,3672,8.0833,0.0243,8829,5
1194,3104.5814,1265.1392,6.437809,6823,5919,482,6.6587,0.8245,2974,0
1195,228.7197,4327.8133,47.381188,6488,17474,600,3.3445,0.9162,4627,5
1196,4357.6853,514.2219,23.758596,15132,4556,1165,3.822,0.2077,119,2
1197,4867.4451,629.7847,15.863027,19831,2395,4679,8.9809,0.5393,8000,5
1198,4844.3896,4895.758,38.315227,5739,667,4233,0.2695,0.278,12354,5
1199,3748.2617,3369.1978,24.89748,3099,12356,1004,7.0183,0.4936,2293,0
1200,650.4399,4234.4377,15.50177,8098,2235,1983,9.5523,0.4366,2105,8
1201,3791.3184,1621.6536,40.598406,13137,6336,1635,7.0917,0.2691,1068,7
1202,122.9443,3382.422,43.357621,5477,17621,2998,9.9397,0.7004,14860,1
1203,110.6275,2971.2132,33.650441,8254,18008,687,6.9067,0.1265,14202,1
1204,1618.0579,3015.7546,2.348316,18202,17759,3415,0.4402,0.0531,424,4
1205,2443.2211,3412.6655,28.316187,4888,11504,1760,8.2874,0.7677,3820,9
1206,3852.0394,2876.8001,38.164769,18983,6360,4938,2.9178,0.6659,7704,1
1207,3416.4801,2145.3176,6.825237,11644,16561,2481,4.516,0.4985,12683,0
1208,2229.5191,1379.6207,11.433615,9493,13877,1338,3.1897,0.4678,14786,1
1209,1368.1406,3842.909,44.124767,2654,2929,115,2.7587,0.4974,1281,4
1210,4985.6225,1131.3699,1.006184,1455,7618,3958,4.3709,0.437,14329,9
1211,2130.9122,3461.7746,37.636382,17523,7615,569,3.8496,0.3929,13242,6
1212,2256.9406,1166.6718,23.688717,5808,4275,1554,6.3701,0.4997,10012,4
1213,818.1275,3126.6546,22.338663,3193,4972,2690,8.1502,0.5285,14148,0
1214,3974.0498,3735.3939,0.354926,12813,8390,4591,3.0412,0.6919,3433,6
1215,3468.4142,1093.5773,40.96993,15776,17353,3341,2.2158,0.7112,763,5
1216,1103.8559,299.7259,17.991309,10403,19540,2989,6.7023,0.3776,1630,6
1217,411.9144,654.8774,27.038327,13075,2505,3152,6.7362,0.4135,5500,1
1218,3402.4997,3029.9888,33.865067,15246,6007,3528,9.0212,0.3737,8635,4
1219,3272.5595,4247.2335,35.131509,3760,7944,3016,0.2579,0.5365,3015,7
1220,1366.3049,224.9937,47.799007,19414,17654,822,8.5451,0.4534,10774,6
1221,4754.3183,3670.759,26.567045,15684,17749,3575,5.2579,0.8896,1498,5
1222,755.2979,1706.5998,19.986038,12461,924,3788,6.2509,0.6964,12445,5
1223,2161.6797,2392.6471,47.685186,16448,16855,1609,1.0046,0.8987,8281,0
1224,4718.0802,4644.2985,32.105548,15461,10247,560,4.3829,0.7091,10442,0
1225,2098.6424,1659.8642,14.907588,17730,12476,4064,2.3503,0.971,9172,6
1226,3192.6334,2326.69,6.3233,17359,19339,4436,2.6168,0.6357,8654,2
1227,1987.978,68.4219,42.127741,9815,17533,612,5.0905,0.9636,3553,5
1228,1371.0833,408.0028,18.109144,13891,3087,2164,8.1433,0.1582,10949,4
1229,4919.8884,1292.9654,33.02352,19715,14861,1882,7.4634,0.0525,11821,2
1230,2046.6759,139.2709,23.540874,1741,17014,4170,5.9509,0.5791,10694,5
1231,4470.4971,3156.8803,9.946569,11219,7408,3864,5.4402,0.9835,7638,2
1232,1149.7807,2131.9975,30.08437,6056,775,3709,4.3303,0.4176,8572,7
1233,1065.5314,2740.7305,3.034247,1955,8710,1710,9.7298,0.212,4497,6
1234,155.6801,873.2442,20.667182,16664,16312,1762,5.6459,0.5215,13391,8
1235,3258.3376,1479.6672,27.330792,18776,1344,1693,2.6143,0.6488,4647,4
1236,1842.638,3319.1257,21.802405,9233,10162,1246,2.3779,0.3152,2984,0
1237,4321.7926,4826.514,37.433634,6440,11420,126,6.1524,0.7148,3061,9
1238,2366.0548,252.0934,41.396265,962,7798,4753,5.276,0.9751,13698,7
1239,4840.9675,4451.9227,38.562177,17602,19284,1200,0.1762,0.897,7835,1
1240,927.6357,2884.4102,1.940744,6008,935,2712,8.3176,0.2916,6805,5
1241,4343.1172,2819.6022,9.706519,17777,1987,3447,7.0708,0.3267,7511,0
1242,3882.9865,2501.3977,26.830422,2077,14017,991,6.6521,0.3715,2951,5
1243,3854.6115,346.9797,46.741109,6197,5466,3066,0.7809,0.3946,4541,3
1244,4223.9177,449.3934,41.747855,16293,9967,4955,3.6844,0.1003,14388,4
1245,3805.1223,3004.564,42.126741,10316,15722,1522,9.3603,0.762,7419,9
1246,3131.1053,1704.7994,15.160479,11786,1506,4729,8.6396,0.3653,6064,6
1247,656.2331,4586.3412,21.472452,8143,5364,2499,2.9269,0.8798,14206,5
1248,162.6406,2032.9586,23.53535,6261,15941,2566,1.6549,0.9269,11923,0
1249,4604.24,716.4159,7.868663,15535,10847,4791,4.546,0.0244,12617,8
1250,3083.2554,3573.597,1.553503,4842,1011,2598,3.6227,0.9885,10124,5
1251,3982.6885,1466.7742,47.34515,13385,14925,116,6.854,0.71,7662,5
1252,2407.6169,2627.3563,12.035705,17444,13483,1032,9.6677,0.5204,3422,8
1253,586.5498,3489.1669,11.997521,1923,19862,1242,3.6937,0.3895,1991,9
1254,625.9377,4501.3216,4.169044,11992,9370,1743,0.716,0.5185,13058,4
1255,3427.8296,3960.9581,46.425395,6102,3858,3639,8.9864,0.3246,3857,5
1256,2151.5352,3381.8086,28.986898,2474,9865,4400,0.4757,0.6227,1483,5
1257,1002.6316,3398.1691,33.351876,8109,10121,4091,9.5324,0.093,2546,6
1258,2457.9778,4729.6238,45.578853,15451,11371,1976,6.6793,0.6211,4221,8
1259,321.054,1479.1275,17.281074,10044,2554,4184,9.4227,0.2753,12492,4
1260,2909.8612,5.5705,31.075403,16211,15490,4404,2.0766,0.0176,11008,4
1261,1344.9743,1359.7801,1.940069,4550,4390,4898,0.5029,0.5527,643,3
1262,3987.7975,1089.4647,9.338708,595,16936,164,4.9333,0.5784,13333,9
1263,1551.8167,3309.1763,41.562307,16891,11090,3311,4.5612,0.4266,12878,3
1264,2276.1062,3168.5617,38.338441,4890,9232,3389,3.3818,0.0723,3919,7
1265,58.1126,2967.311,17.5322,8213,3052,996,9.5808,0.8933,1587,1
1266,362.2437,81.2271,18.840594,17784,5323,1878,8.2436,0.6114,2410,9
1267,1962.4739,3643.893,26.677768,3202,11790,1824,6.6497,0.1157,6505,7
1268,2399.6994,1617.6588,0.01215,7855,2556,4907,1.7123,0.5109,12042,1
1269,3000.1067,3325.2833,12.062293,6764,17474,2296,7.3698,0.4973,13428,0
1270,1458.32,2782.8966,10.41167,10654,12768,3265,7.2974,0.0604,55,9
1271,3474.9125,1713.6612,12.524222,5191,459,1349,4.3082,0.6069,14628,8
1272,4300.6134,672.89,40.295312,13716,15702,1804,9.2554,0.8083,13363,7
1273,3899.2571,472.1035,13.983765,5682,16067,2252,1.7531,0.749,842,5
1274,198.1037,4157.5934,9.576147,3679,4722,2901,2.7466,0.203,6929,3
1275,2402.5399,4591.9885,25.213223,14103,12447,1594,0.7259,0.8623,14590,1
1276,524.6598,3248.9437,43.282265,16721,6305,433,7.975,0.3425,4588,7
1277,1210.2327,517.1795,12.067561,1668,13566,3818,6.2554,0.9465,9177,2
1278,4933.3131,2010.1421,3.926904,17294,10200,4918,3.2179,0.0717,10813,9
1279,712.4863,3644.6987,17.820301,8205,1921,1071,1.7218,0.4862,2907,3
1280,2494.4458,3899.1066,37.382616,5123,13228,4601,0.4975,0.5971,5089,4
1281,3090.7825,591.1019,27.534572,11218,7695,115,1.7508,0.2477,10187,3
1282,3512.3278,0.1636,40.839687,15584,6299,1440,4.5875,0.7714,10125,7
1283,2798.2478,3560.6881,47.979611,974,6630,1791,2.5471,0.6269,5057,8
1284,48.8641,1782.9873,39.633145,1409,12720,995,2.6639,0.0181,5983,0
1285,1632.3133,1272.4141,30.190194,10136,5147,4319,8.7682,0.6084,2273,1
1286,2588.563,64.4972,24.66713,18673,17388,4732,5.1999,0.4915,6142,3
1287,439.3416,2701.5016,2.00355,8739,19468,4768,7.3196,0.196,8016,0
1288,1753.1411,4255.7552,49.216101,14350,10307,958,0.4535,0.9957,8295,5
1289,166.0252,4788.1587,19.174118,1219,2590,96,3.7151,0.8972,9162,4
1290,392.9017,2828.7291,7.611495,17805,4311,2155,4.8438,0.2925,1072,6
1291,1984.6224,2572.3115,33.335476,3378,2242,632,1.9455,0.5411,737,5
1292,663.5874,425.2911,14.214486,10965,13602,3685,1.2899,0.3165,9558,2
1293,2837.7086,2744.3685,29.288955,4099,7712,1702,8.716,0.7755,6377,4
1294,3447.328,1899.9016,29.338437,19123,939,698,9.4004,0.9303,7750,2
1295,4002.9355,3035.6803,22.286546,7620,4302,32,0.8802,0.3588,3631,8
1296,1000.7592,1943.6379,41.805947,11940,3971,4875,3.5553,0.8056,228,1
1297,837.4212,1201.5032,13.248427,18227,4000,549,9.587,0.4984,6666,5
1298,522.8482,474.8354,22.431685,19201,3409,2249,0.9233,0.3966,14009,8
1299,3182.1549,1574.5991,26.884653,16879,13808,1894,6.472,0.9384,5712,9
1300,3532.3816,483.2332,33.18127,6561,8963,2835,9.725,0.5104,6157,6
1301,157.9404,884.493,39.198614,5511,16633,1704,9.7844,0.4674,3571,4
1302,4681.0619,4936.6809,19.740425,3445,13386,1157,4.7651,0.6724,8637,1
1303,259.8659,2220.5233,32.302383,7544,5951,344,1.7112,0.2612,7994,1
1304,2706.4863,2659.3635,7.530633,12430,2927,4073,2.1006,0.3248,14676,3
1305,3545.3055,4368.0939,46.632412,7254,7976,3463,8.9071,0.932,13636,9
1306,4354.8469,4977.8445,19.153002,13776,6967,2249,9.1257,0.6785,1620,1
1307,3570.4375,2913.5764,36.476098,46,9134,945,6.118,0.8266,12886,7
1308,4008.6424,4062.371,1.017152,15598,6588,3881,7.6851,0.2711,2205,9
1309,1697.2576,1634.7119,10.259437,2058,5092,2051,7.4253,0.5438,2704,6
1310,4074.1274,1528.7267,24.354179,664,8986,3286,6.652,0.9714,11243,6
1311,400.5834,2013.5246,43.912636,4669,17062,2856,8.29,0.3187,7743,2
1312,4474.0843,3362.5396,26.362805,18414,1562,1331,6.8855,0.1605,11695,6
1313,2737.9664,3410.9616,46.493531,5718,8645,2004,5.3866,0.5109,11819,7
1314,4086.4907,1576.204,24.189896,2697,14786,3616,2.4459,0.3878,7575,4
1315,2261.5969,666.0583,24.522506,13201,3657,1788,7.4645,0.1596,9374,0
1316,3217.892,3161.985,5.987427,16102,16140,2247,4.787,0.8886,11449,0
1317,2632.018,641.638,40.132832,8832,210,3673,3.0184,0.9907,798,3
1318,3657.9503,2892.4668,12.348346,19048,4984,2156,8.0393,0.5686,14827,1
1319,408.1591,3467.1137,44.980635,19130,7142,3480,6.9975,0.7747,9027,6
1320,301.7698,3503.0605,45.54122,5005,10119,3021,9.3797,0.859,3000,2
1321,1235.5237,3767.363,47.165511,13157,16262,52,1.7379,0.701,10225,3
1322,797.7318,4364.2984,26.011572,4403,3967,2160,6.527,0.0442,12645,8
1323,4358.9191,2499.8,33.854722,10788,10070,4391,2.518,0.1576,2765,1
1324,1096.0777,3651.2486,38.925816,14663,8819,3652,9.0455,0.071,10602,7
1325,4879.3265,3095.8675,6.550818,19812,10919,3916,1.085,0.0099,3685,0
1326,1684.4856,933.2078,30.0479,5913,9651,2113,6.596,0.306,11468,2
1327,910.5978,128.458,1.714992,395,19209,2622,7.9317,0.3924,8200,3
1328,3948.4946,1422.7141,24.878354,14636,1251,4561,3.6137,0.241,10712,5
1329,3293.5423,2215.1741,7.742219,3598,4759,4730,9.546,0.0646,10412,0
1330,2490.9836,3085.5336,9.146228,10525,4364,1355,8.5222,0.5299,6240,7
1331,2776.8222,4249.7982,18.252442,330,2164,3755,3.0167,0.2733,3875,1
1332,3596.0117,981.2366,21.621915,17157,9816,210,0.1747,0.796,14944,4
1333,1142.2814,627.7577,31.158659,1646,1854,238,3.0369,0.0081,13618,5
1334,4981.6696,4817.4001,3.721513,18172,17138,336,2.885,0.8425,11921,7
1335,4873.9661,540.2317,25.184638,9816,1869,3839,8.9106,0.9548,3330,2
1336,3251.6319,2392.4606,9.131338,17384,16566,1577,9.6745,0.7161,14810,8
1337,997.7203,2927.8228,28.698801,1849,17898,500,0.7974,0.7336,6070,4
1338,3401.1444,2706.8767,31.870267,1562,15569,1565,4.7658,0.9336,11564,7
1339,361.0013,430.1699,27.835507,774,9095,791,5.5285,0.2091,5585,3
1340,153.2722,285.144,36.914802,7312,19729,3541,1.0198,0.9946,8806,8
1341,1288.4219,527.4261,16.780529,15204,5239,3123,3.8372,0.7735,8881,7
1342,2313.1202,2927.9426,38.255353,18188,7090,1136,3.2391,0.7266,9090,4
1343,4341.3638,2721.729,21.638411,9291,18941,3945,5.407,0.3611,13640,2
1344,3635.8481,1168.7116,24.209276,2051,5281,2349,6.6458,0.5458,8302,0
1345,3713.5352,3188.8743,32.405142,17132,4245,4325,7.0645,0.6539,12998,4
1346,2127.4724,4100.3393,0.918017,3974,2165,150,1.4539,0.6203,11205,4
1347,1729.6815,207.9044,32.699746,1616,15150,3207,8.1482,0.705,11111,3
1348,1855.2001,2490.6547,30.929296,14551,14089,3529,6.8176,0.0824,1161,9
1349,4938.2479,3446.5552,15.492425,10495,18406,1625,8.9018,0.3556,12174,9
1350,200.5556,1261.5671,4.289806,5507,2822,2575,4.5484,0.434,3611,7
1351,4335.1588,1538.8614,4.546863,13055,10474,4429,8.9495,0.2606,4745,2
1352,2893.3813,3068.1934,46.161195,13862,13687,4270,8.6712,0.1726,7332,9
1353,2193.0827,4489.6775,34.463997,11588,9763,3285,4.4403,0.1389,14685,8
1354,3626.291,4049.624,6.355218,13516,5970,2109,3.8733,0.3664,2004,2
1355,2433.3498,2915.6553,17.836223,5855,12179,3948,9.3348,0.4934,14799,3
1356,4367.1175,3651.1113,29.62419,16601,6169,4915,7.1801,0.063,8036,5
1357,4503.5103,1824.1187,41.778602,17744,17098,2264,9.2896,0.9465,13955,8
1358,2108.6104,3204.8312,2.183142,3775,14097,1613,7.9901,0.7652,1528,9
1359,1384.1462,2330.9133,11.831733,4928,7204,3816,6.132,0.7309,7319,1
1360,2961.7557,949.6888,44.487461,4430,3546,4720,1.2469,0.1729,10106,1
1361,4561.8176,3508.6944,0.458377,4607,864,578,2.9857,0.6038,12534,1
1362,1053.3188,2782.3276,10.070035,4479,16149,423,9.6915,0.5297,11374,4
1363,3114.8367,1793.1143,47.951213,16077,17810,2764,3.2623,0.9825,13897,5
1364,3157.8048,4556.6968,30.670131,18281,18689,1230,1.0232,0.7477,13086,2
1365,3665.5678,104.6804,13.083642,7367,654,3177,7.1048,0.5758,11539,2
1366,657.8471,1578.8726,3.349648,4428,8130,754,7.3666,0.8508,7235,1
1367,3579.1277,284.4164,1.409664,13477,444,4843,2.926,0.1551,5170,5
1368,4545.1635,3832.6389,12.23733,5362,5107,688,3.047,0.0152,11056,0
1369,898.4237,3510.5402,44.074303,642,4437,723,4.742,0.6902,4611,8
1370,1187.7242,1656.7678,20.795741,10086,19242,747,0.3157,0.0983,14562,9
1371,4856.9758,3378.3178,36.016696,19660,9473,4338,7.9143,0.1154,6722,3
1372,904.893,1979.6922,45.91426,4051,3040,2713,3.2392,0.7447,8698,1
1373,4271.9269,3781.2714,20.402082,4554,8292,708,8.5523,0.2705,4251,5
1374,2461.3944,2270.9238,9.563949,18689,10279,435,8.046,0.6286,10199,4
1375,1236.1629,2061.4045,25.855945,3344,16286,4877,6.6479,0.9174,14186,2
1376,4353.7508,4673.6502,45.404194,2057,13945,484,3.3163,0.3165,13792,2
1377,2226.5318,1254.403,40.21874,19193,2738,3519,5.2115,0.2171,12399,4
1378,2574.0916,602.2455,3.291586,9417,1608,1534,4.5038,0.1066,6627,3
1379,1796.1733,2922.7197,34.628671,7227,2954,170,3.4549,0.1305,2856,4
1380,2964.7583,4846.6094,28.594919,887,12174,1021,8.4965,0.0622,3965,1
1381,817.6277,1889.2023,45.373168,8585,5934,4965,4.8867,0.0876,7936,0
1382,1955.4138,310.1932,6.124159,18831,11387,848,8.344,0.432,14610,4
1383,4847.0619,1696.5329,26.701852,11531,15222,696,1.1417,0.3209,14491,0
1384,1290.6746,2529.6632,43.973147,3592,4683,3347,1.4961,0.7066,1675,2
1385,3283.6868,809.6234,20.501248,18566,14854,4014,9.7755,0.8702,9383,7
1386,1625.9571,3290.5145,24.099798,16739,11285,32,5.9189,0.7848,13331,7
1387,3867.3679,4988.747,3.523127,2632,11155,177,5.1467,0.5306,2393,8
1388,654.377,2258.7029,13.907254,17906,9048,2965,5.2792,0.1024,6879,0
1389,4849.1055,1773.6492,16.2254,19057,10339,2113,2.2312,0.7098,14905,3
1390,2268.9532,2003.5268,47.256128,11371,14324,3887,7.2152,0.3628,1922,5
1391,1180.26,575.7397,14.13344,18722,4926,1503,0.9393,0.0857,12582,6
1392,367.493,4416.3692,23.043491,17013,5784,2316,5.7759,0.8425,10885,4
1393,848.7978,2074.1341,33.565254,2680,12344,2645,5.7506,0.3382,13774,6
1394,2598.8745,1936.3782,8.109252,4423,9918,66,9.1505,0.2182,4434,9
1395,1685.0225,3298.4548,24.322171,7464,10146,4229,5.3092,0.8715,1828,7
1396,4144.4185,2210.1727,36.926978,9614,6724,1929,1.4569,0.9021,10692,9
1397,2154.4433,3241.1709,43.342774,17511,16569,585,5.7703,0.339,14680,5
1398,1243.5789,307.2408,31.313001,1781,16906,1749,1.0041,0.3548,717,3
1399,3085.7288,4068.6186,33.452709,9425,17633,2205,2.1176,0.5796,631,0
1400,3533.889,4702.5204,6.314261,6572,13350,3631,0.408,0.7334,4861,4
1401,835.2179,3243.8304,47.28883,826,1003,1893,5.1816,0.0631,8277,9
1402,838.1044,4772.8301,6.628791,11156,6267,2430,0.9369,0.5933,3769,9
1403,183.3668,757.1701,38.733669,2396,11331,3094,4.747,0.9528,8929,9
1404,3682.0127,2387.0862,13.24089,4146,14981,974,9.3362,0.2621,2708,3
1405,3319.026,3009.0377,46.679664,15780,7018,4025,7.2256,0.9088,13701,4
1406,2373.1596,2908.6874,35.998005,5493,8586,2643,0.8664,0.9502,8419,3
1407,4220.8538,2007.3149,37.69071,7112,16012,1443,2.3197,0.2692,3358,8
1408,4028.3527,1690.4287,10.953037,13088,18002,4330,6.7693,0.7542,9500,2
1409,2926.776,634.1288,22.152055,9985,17045,1478,8.9575,0.2388,7861,2
1410,4341.3577,1958.7183,30.890698,6793,5525,771,0.4259,0.7376,4205,9
1411,1029.214,813.3124,38.498704,19936,5251,306,8.1433,0.7974,4231,6
1412,559.607,3671.831,5.198058,7712,7513,2,5.662,0.2472,5034,1
1413,1348.7554,1044.1626,48.11827,1566,320,271,5.5063,0.7159,4387,8
1414,285.4437,292.8359,44.511045,3668,10417,4517,9.5824,0.8121,12151,7
1415,2655.8523,2761.8352,13.517502,6460,3601,3215,7.5017,0.3586,8158,5
1416,4683.0291,2976.1527,41.13803,4097,5280,864,8.5162,0.1677,14114,8
1417,196.7273,4359.5666,25.916244,1020,18152,2740,3.6046,0.092,14025,2
1418,610.5583,2884.9123,23.090378,9477,15495,2915,5.5882,0.5754,7676,3
1419,2261.0006,1727.4108,15.721774,8255,18183,107,6.1925,0.9781,9845,6
1420,4669.3757,4015.0614,29.048471,11585,12399,3169,3.2837,0.823,1868,0
1421,1580.7874,2701.3991,36.494483,5966,283,4645,5.7455,0.4358,6966,0
1422,2536.179,396.4106,20.546704,11465,14031,2600,2.4429,0.5366,7197,0
1423,207.8739,2829.2571,31.460997,18654,15303,2236,1.5194,0.2795,14730,7
1424,741.7245,4540.0936,34.965676,12440,5167,2800,3.8023,0.1631,27,5
1425,4933.1507,1981.5692,35.55612,4722,7122,1512,7.419,0.4821,6157,2
1426,4825.5938,1481.636,2.5984,8409,14678,19,9.1703,0.4635,12842,9
1427,24.7099,717.3559,42.987404,196,16374,859,4.6314,0.5219,9125,6
1428,4759.0594,757.2361,22.91272,3274,4897,1417,6.464,0.9528,6589,5
1429,3195.6033,2163.8631,13.120878,15331,16515,3033,1.1201,0.6039,14560,4
1430,4339.5928,2978.4032,12.088301,10887,1294,4506,9.0542,0.6058,14357,2
1431,2273.7047,403.0862,24.150757,3213,6958,1427,5.7292,0.128,11651,3
1432,2577.985,4697.8435,44.341588,2756,16445,2532,7.8253,0.9965,5768,0
1433,2444.238,3775.6705,18.917441,17906,18596,4720,7.965,0.7728,13638,8
1434,3334.3246,2933.1237,37.486312,1081,9741,4752,2.6392,0.8772,14045,4
1435,698.2649,4142.1951,4.841027,15502,12560,4864,5.3388,0.4143,467,1
1436,149.8776,400.943,23.802888,17106,9974,4039,9.6087,0.5021,7690,8
1437,1539.6566,2384.1996,49.584308,14048,6277,4114,0.9874,0.5221,13537,6
1438,3523.4068,3150.4693,38.521913,17947,8153,2232,6.8622,0.1941,2701,7
1439,1009.2752,4143.2662,10.526503,640,7974,2453,9.6264,0.6895,9691,2
1440,3367.1654,3917.35,25.072124,12503,15334,2847,3.0757,0.903,8810,6
1441,4849.5605,1385.3535,11.681315,5191,38,3203,8.6283,0.1637,3778,0
1442,469.5126,4704.4014,20.478105,3737,5991,1817,9.3432,0.0863,12746,5
1443,3363.0139,621.738,39.004223,16474,5439,1781,7.4962,0.7382,2688,9
1444,2218.7567,4375.6693,38.561264,1252,15736,4104,2.3902,0.2732,5333,5
1445,4340.7126,4854.7015,11.405096,9295,10857,705,3.4066,0.6239,6807,9
1446,885.7572,885.7758,46.111174,16733,474,1342,0.4545,0.6958,5057,5
1447,3463.1328,3610.3331,29.62845,4053,59,3463,8.3314,0.3219,9697,2
1448,4190.5781,201.4372,18.996277,19326,2637,3591,8.5112,0.8151,12160,5
1449,4723.0717,2027.1201,25.096829,272,14835,1160,6.3638,0.55,180,2
1450,3416.2433,2581.4213,30.253602,18415,15578,4627,3.59,0.869,7997,9
1451,2485.8788,2903.2303,27.994571,11699,18999,3723,0.8604,0.7633,10778,8
1452,3089.24,4679.6869,24.320303,15890,7297,3439,7.5553,0.8686,14863,6
1453,4344.5262,3361.2567,25.24669,9658,12671,3561,7.2926,0.0202,10262,3
1454,2853.053,2406.3949,8.820678,9388,9726,3083,9.1348,0.2435,5465,2
1455,151.945,4048.3771,40.636664,16377,2675,1716,7.3323,0.09,6721,5
1456,4654.7442,4752.6646,27.088062,11280,15797,2244,8.3041,0.4421,13051,8
1457,3447.6369,110.3405,6.55408,12016,11066,1761,7.485,0.89,922,2
1458,3382.5702,4912.6065,38.307878,7042,19505,4008,6.3438,0.4675,3093,7
1459,1078.3836,430.6698,46.622206,17511,11027,1797,4.327,0.8497,13033,5
1460,3294.4308,4071.9358,47.36535,8709,2077,2676,9.031,0.3272,5528,3
1461,1969.3281,1401.681,18.45095,10858,19575,3237,6.5446,0.3396,9703,4
1462,3256.1684,660.907,6.77593,9494,4788,44,4.0437,0.8956,11792,2
1463,532.9741,2199.2838,25.920029,8053,7495,489,0.9263,0.4258,13728,1
1464,3289.2299,3219.7865,5.63055,16996,19962,4277,2.978,0.7898,13584,8
1465,4997.0686,1904.7654,46.699378,17134,2582,3149,5.4829,0.2366,11469,2
1466,241.0697,272.8365,9.179063,13581,15601,4724,2.8288,0.9488,7466,5
1467,4885.8711,2997.3097,12.638368,18241,14334,957,2.2902,0.5746,2720,4
1468,2034.5457,4512.0174,20.331886,17911,10405,2115,5.3212,0.7593,8114,9
1469,4353.7685,1916.083,19.158285,10217,11167,1116,1.7812,0.0895,12925,7
1470,3911.9296,1081.6717,39.733165,6230,933,1782,8.0241,0.4927,9216,4
1471,2835.0856,2212.8923,22.815895,13344,18048,2827,4.8952,0.901,152,7
1472,3692.2487,241.8231,8.538496,2099,8749,651,5.7812,0.877,8205,4
1473,4392.579,4102.4397,13.360568,15439,15578,1877,1.5591,0.0468,8907,9
1474,2020.7076,4131.7058,25.455718,7866,15016,341,3.3133,0.3037,11343,5
1475,1635.1725,2940.0064,7.372781,16558,16109,2951,4.1599,0.4433,3626,4
1476,3337.9703,1765.5209,30.582823,12212,1105,3376,8.1013,0.1723,8441,1
1477,4039.2316,3998.9188,28.287409,501,17655,2446,7.7246,0.73,1145,9
1478,3811.4281,2773.4396,35.735144,3647,12937,2751,2.3075,0.1845,4483,9
1479,3989.0703,4129.6633,46.885237,18748,9602,2145,6.2002,0.3466,4535,5
1480,2177.9222,3157.2976,45.612737,10049,3647,1355,2.5102,0.6633,11536,6
1481,4089.1729,3922.0295,47.303786,11345,14961,3277,9.8836,0.4821,14636,2
1482,601.0541,2992.819,12.235855,18281,14879,449,9.526,0.7386,721,2
1483,2722.45,2070.7112,6.578352,9911,18439,4173,5.6763,0.9612,4569,6
1484,28.8032,4789.7297,15.113905,1779,9146,4992,7.0191,0.1165,3230,9
1485,1622.9359,2705.5737,44.754269,12985,18227,4645,8.0342,0.7096,1007,3
1486,1832.314,3025.4515,48.602677,19442,2803,798,7.2379,0.2303,4729,1
1487,1980.8695,1102.446,42.966262,5191,16366,3497,7.0283,0.4145,11491,8
1488,3477.3391,3128.2577,5.500975,15305,6106,4911,9.5897,0.0329,10661,8
1489,1942.7966,2858.0425,47.371405,6998,18945,2183,6.0049,0.1359,7100,5
1490,2243.4736,924.2001,21.167959,12021,19422,3327,6.3994,0.3198,7117,1
1491,1187.7283,297.9449,0.465614,4748,2750,646,8.5078,0.342,12312,2
1492,1866.2652,3021.8006,22.119743,9287,16975,720,6.7319,0.8996,3814,4
1493,1136.3559,3818.4637,2.303554,46,17753,1523,7.356,0.7418,538,4
1494,365.9889,2617.0116,27.193942,7759,10182,1070,2.4183,0.9722,11017,8
1495,3017.2469,1133.8709,16.927768,19586,1362,4744,3.7755,0.5991,2686,9
1496,3341.0673,3332.6132,23.671799,456,3774,4888,1.5583,0.2417,1981,2
1497,3097.4555,400.5378,30.658557,9855,13496,4675,5.1071,0.3277,5907,1
1498,2317.4756,2209.1741,43.440068,19309,2065,3076,4.6117,0.3198,540,9
1499,1898.9351,816.8422,33.095113,17350,18800,3808,9.9719,0.3265,7047,7
1500,4316.6696,922.3034,21.7025,1529,19336,3362,6.151,0.673,12077,6
1501,2595.4137,1011.4777,40.971411,2977,5617,2157,7.8858,0.5308,12246,8
1502,2395.9146,1933.5414,45.279116,19456,7976,4556,3.4067,0.3854,11392,2
1503,128.2201,255.7605,5.988086,13289,10961,2314,8.3323,0.1491,7262,5
1504,1706.2457,1988.9732,26.596696,6388,15325,3506,6.1893,0.0221,14015,4
1505,1900.9843,2558.5421,14.22567,2522,6244,4140,7.0002,0.2188,12709,4
1506,1994.1199,2416.4766,2.353155,6526,9561,633,3.0149,0.1075,8676,9
1507,2900.866,1913.9267,33.427368,1127,14685,2200,5.5315,0.7854,9221,7
1508,2668.0174,4195.7346,43.138553,13349,8331,3064,6.377,0.1125,6301,0
1509,3039.5294,726.642,8.145216,7717,4924,2911,5.932,0.7242,52,0
1510,3824.4187,2528.4887,40.620702,16103,6468,623,9.1604,0.3857,8435,2
1511,4064.9306,310.2165,42.669801,3405,6077,361,8.9929,0.0734,1687,1
1512,3590.6182,355.7877,45.717031,4493,8002,2368,9.7127,0.8127,2822,1
1513,4777.6189,2869.3335,13.264328,2344,15304,210,6.7075,0.5796,6564,1
1514,91.1727,2830.0965,45.197663,107,17700,3468,9.7219,0.2358,8121,3
1515,978.898,4390.1688,16.033206,15196,16458,931,8.3415,0.8947,8097,0
1516,37.8243,2789.3728,27.616945,13242,8676,4585,2.7812,0.0453,10033,9
1517,3237.3771,4798.9555,2.525468,19539,12304,3944,4.3316,0.2018,8617,8
1518,4490.1538,243.4838,2.19415,12576,17934,4697,2.4601,0.752,10320,4
1519,1217.419,490.0474,36.018689,4802,17744,4870,0.1416,0.7094,8887,4
1520,4635.1735,220.3389,22.224054,5581,15129,878,1.9617,0.2893,8546,8
1521,301.3463,926.3924,12.814693,16599,18281,4796,0.1402,0.062,3691,4
1522,4672.1808,2706.3551,9.520756,5401,6660,2500,7.2264,0.8581,1690,7
1523,1758.1199,3227.8645,33.497708,6876,5247,2524,4.3128,0.3137,8485,0
1524,507.1131,227.9353,0.020177,8657,6968,4352,3.1945,0.1957,717,0
1525,2429.3639,4729.855,40.294578,6248,6662,392,7.641,0.5161,7284,3
1526,1283.8903,4210.8285,3.962572,6178,12417,3903,8.3416,0.9102,12817,7
1527,1424.3717,1483.0694,9.574562,7270,511,2322,9.7555,0.0435,4576,2
1528,1536.4568,385.9469,19.311881,14975,8615,4941,6.4559,0.7658,4573,0
1529,4015.1315,849.4437,24.242988,14038,2433,3982,4.6691,0.5725,12313,8
1530,2695.811,634.7308,17.74982,18757,1907,139,3.1221,0.4254,10671,8
1531,1556.5454,616.4277,16.035676,16168,15555,103,2.301,0.7441,10557,8
1532,3051.6728,2592.8133,48.195804,10381,16449,484,2.208,0.9658,638,8
1533,3580.7562,1229.2448,32.07902,6618,4929,4320,4.151,0.2292,7980,1
1534,1363.1273,1790.705,1.171745,304,4711,4074,9.9187,0.1436,10598,3
1535,2067.7514,4947.5268,21.508852,12684,11541,1849,0.1085,0.9129,9492,1
1536,609.4392,3421.5744,43.750447,16718,6125,1885,2.0523,0.669,3949,6
1537,905.7549,4744.9038,15.072879,11026,7838,3206,1.9651,0.438,8882,2
1538,3405.5925,712.7913,4.727908,18716,15584,2162,7.1995,0.5733,12632,8
1539,907.1999,1910.7036,37.919263,4562,17185,1465,3.5896,0.7456,5551,6
1540,2625.8217,2773.6635,30.300731,80,6110,644,4.6269,0.773,10799,7
1541,3545.2342,383.7995,28.515668,3764,9910,3437,1.5714,0.9199,8904,8
1542,534.3935,20.9472,2.678923,10170,6660,4554,4.1095,0.4268,10803,7
1543,2836.5654,3352.175,7.025036,17117,1239,611,1.1217,0.2934,8631,6
1544,1282.8214,3209.1012,31.127508,3977,15065,4303,5.3771,0.6397,11726,8
1545,4814.6347,2053.9499,10.391271,17769,5621,1544,1.0696,0.4157,12071,0
1546,2417.7334,2448.2255,25.203554,2125,1487,3540,7.926,0.5946,3342,3
1547,4029.9647,2077.2208,27.24413,6653,4682,1467,5.7094,0.42,5551,3
1548,2751.1372,120.035,14.175431,5284,11491,917,7.2673,0.153,11285,4
1549,217.0722,1676.8647,47.421263,7177,4471,1182,4.2433,0.4694,4239,7
1550,3165.7605,885.4195,42.123221,18677,11724,2147,3.8768,0.6909,1784,9
1551,4757.0172,492.13,36.118703,12410,13889,2273,1.0723,0.7993,9060,0
1552,3008.0631,4783.6026,3.899786,12320,7178,852,5.2862,0.4933,14689,5
1553,4095.9461,2996.8026,5.30659,998,13202,4537,5.1936,0.1652,1489,8
1554,4421.0335,3643.2841,24.639118,11002,5442,720,4.7342,0.4147,7161,9
1555,1140.4066,1576.8256,8.035751,4665,18225,4681,7.4311,0.7863,468,7
1556,1060.2321,1965.7417,48.913275,18742,11720,2015,8.3418,0.4129,5584,1
1557,3054.9088,1184.6276,7.926096,18064,5398,3473,7.5328,0.6965,13165,6
1558,2055.1482,484.8374,24.373443,13118,1622,3643,1.5243,0.5072,12114,4
1559,4199.3081,895.1664,18.206116,11232,17946,3871,6.2584,0.2412,1418,1
1560,4500.1166,3987.5723,31.969357,7441,17801,64,0.8952,0.7962,13207,0
1561,1767.1134,3387.7323,6.451908,19912,4191,4864,6.9768,0.0842,5906,1
1562,1184.3604,2734.6489,21.515878,11219,5055,560,3.8802,0.5249,1777,9
1563,3902.6298,2375.4546,13.735324,15609,1131,1734,1.4117,0.2089,1082,5
1564,1374.0374,4612.1722,44.387587,19130,14072,670,8.6343,0.0671,13438,7
1565,4113.0734,363.684,2.029382,4091,19982,3895,6.1787,0.5029,13129,2
1566,2118.697,1403.0113,45.686383,7472,11937,1543,3.6118,0.4996,2926,4
1567,3337.7528,1749.6958,41.649724,3744,2119,1272,0.4042,0.7069,4085,1
1568,477.6856,3912.1312,14.878606,10197,664,2416,5.4194,0.7448,12254,7
1569,3119.3004,4962.5732,39.464554,7009,19019,2792,9.2399,0.7278,7629,3
1570,2258.8439,1203.3602,1.560775,3325,15736,4714,6.0042,0.4096,6196,9
1571,2933.0464,4371.5379,48.343281,8633,19159,3055,9.7193,0.6317,1012,5
1572,840.0794,4153.1155,26.329794,19642,19875,2459,1.4509,0.5769,7903,2
1573,3684.3714,1123.2947,15.164121,227,9764,3066,5.7262,0.4216,814,7
1574,4313.9868,1996.6689,18.129224,14864,17908,1164,8.0014,0.5972,12139,7
1575,1083.7068,2048.3702,3.320361,16028,8054,4560,5.3029,0.9472,10509,2
1576,478.5818,4891.1036,49.467477,18786,17372,2750,1.0016,0.1929,10336,8
1577,118.2027,904.4677,1.964693,4719,3846,1949,5.8706,0.9058,273,9
1578,3209.8611,3995.7919,32.745391,17409,13497,60,6.1562,0.0535,3645,4
1579,3035.4741,1670.9702,22.136852,5673,6302,3103,7.3142,0.3084,1717,9
1580,2733.4916,3654.3544,47.445816,15263,11886,333,7.636,0.2881,6277,8
1581,1159.7432,2100.0608,12.300062,17255,16483,4172,7.7306,0.6264,11168,6
1582,1954.5361,2891.803,26.604388,3200,2289,190,6.6681,0.1312,6233,9
1583,2972.3857,4163.0605,24.117862,18130,7797,3561,2.2365,0.8823,6829,2
1584,2483.8393,4020.8298,35.143352,5271,7264,296,4.1019,0.8286,12293,5
1585,4938.9277,4332.1173,3.400605,12751,12778,2549,7.7837,0.6521,357,9
1586,682.2074,298.096,9.689537,7898,8771,177,9.5389,0.4584,13655,1
1587,3475.7258,3460.2558,10.72832,8665,7386,800,0.8816,0.933,204,5
1588,2021.5998,699.9455,36.907564,14893,14863,806,5.4018,0.8307,3746,4
1589,2141.0038,2079.0987,9.457016,8272,8465,1743,3.194,0.4993,1597,2
1590,3587.9917,2742.9466,28.674631,5159,4882,215,2.3314,0.7019,6615,6
1591,3462.1838,2013.7034,10.76227,12845,16019,1880,5.1075,0.5669,14800,3
1592,4956.2801,2598.0632,43.081261,590,15692,2701,6.1003,0.5879,497,5
1593,641.9802,4982.6316,47.109279,9553,9368,597,0.1967,0.331,12990,8
1594,520.5572,676.0952,25.924697,16268,414,1718,7.824,0.4621,13125,5
1595,3621.6968,3377.2835,17.615509,18269,17935,1356,8.2168,0.0781,63,3
1596,2891.9388,1980.0109,11.702965,16160,14715,4224,9.6586,0.3573,1580,9
1597,1370.8106,665.0577,2.489145,14264,7142,1293,1.8884,0.6958,12527,1
1598,397.1061,793.6922,13.425077,5400,13183,2599,5.9861,0.9532,8732,8
1599,428.3004,4746.366,32.711824,8504,16226,3438,4.3236,0.9631,4294,3
1600,4470.9554,4398.0087,26.680893,1077,1947,4715,3.4148,0.5557,4877,3
1601,959.3447,4535.2107,47.20207,7236,192,142,5.6998,0.6066,7851,1
1602,1616.8646,4957.664,19.813923,16418,16425,3217,7.8456,0.1857,4126,4
1603,1133.2897,1041.5849,34.693198,1842,14176,2840,0.3282,0.6953,2714,5
1604,1774.988,1777.2031,24.466188,4482,10052,4341,9.6971,0.0707,5329,9
1605,347.1285,3346.0985,25.62886,1135,5893,3514,8.1178,0.2847,13375,5
1606,2595.3038,2419.0179,13.388789,13140,3450,2751,7.5364,0.6684,9273,2
1607,338.0721,2091.9535,22.747593,7772,8328,1715,7.6278,0.3103,10048,8
1608,4001.7845,1789.0627,23.539303,8568,5910,1136,3.9517,0.0498,7888,6
1609,1168.5681,2968.9072,35.332155,8916,12394,3722,7.541,0.8319,11697,2
1610,2700.0642,2877.9714,47.032006,13899,1942,1910,3.929,0.3103,3380,3
1611,4400.3966,807.2976,16.466131,1914,4222,2248,8.9972,0.0631,1599,6
1612,3254.3903,2358.7045,2.110119,4298,6544,4517,1.8545,0.0748,7634,7
1613,2664.7936,2767.3633,24.814807,1943,17943,4103,2.9942,0.2518,9821,5
1614,1621.6755,2851.439,27.223112,17716,14013,1549,5.5582,0.178,3179,3
1615,1665.0162,1050.5439,8.422111,338,2122,2640,3.2602,0.7743,8045,1
1616,3347.4381,3711.3595,38.023254,14257,17413,4767,4.2999,0.3217,10840,9
1617,4970.6969,126.0052,49.246457,10058,11727,4512,4.975,0.8047,5114,7
1618,3309.1993,1774.1657,47.288741,8984,5657,2832,8.5779,0.1738,3373,0
1619,2788.9215,3901.0654,9.855382,19996,8968,1007,5.2796,0.4929,6764,8
1620,3653.2552,2819.469,43.768174,16284,19423,3222,3.6884,0.688,1070,7
1621,2326.0334,1305.8196,35.224711,3701,15765,3063,2.5526,0.652,14413,2
1622,300.7211,3474.7686,22.692383,12146,15874,4524,4.1459,0.6011,2777,9
1623,2811.4885,2836.959,27.030596,6119,11080,3053,5.2058,0.9248,1193,3
1624,4788.1268,3981.2201,42.480024,2674,18263,4430,7.4865,0.2285,814,9
1625,876.523,3675.1286,24.006799,2123,2272,2320,1.2984,0.4937,1153,3
1626,3450.0276,3050.5435,18.660431,11978,1608,3540,2.2939,0.884,5833,1
1627,1004.6764,2440.8935,24.662425,8251,19524,2367,3.8586,0.0779,10948,9
1628,2679.1431,665.9193,28.956532,18447,15680,527,3.6679,0.0559,1884,4
1629,483.3913,1306.6725,9.453964,17639,16990,2808,3.9783,0.2333,268,2
1630,2251.8602,2095.5032,45.045396,3689,3666,1196,7.9559,0.633,3672,0
1631,3780.8191,2996.5004,33.70938,3749,16309,1754,3.3091,0.2599,2813,1
1632,1737.8641,2568.5441,31.663483,6343,5853,1673,5.0688,0.1902,14062,6
1633,3324.562,1440.9297,4.974901,16276,5463,2029,6.2767,0.4588,12873,0
1634,3977.2518,32.3317,30.208736,13666,18529,1655,2.3986,0.6136,6563,1
1635,4635.8898,2481.2011,6.048121,4131,4271,4550,7.2151,0.2486,7014,9
1636,1173.2181,1428.1371,3.934976,3030,15698,4842,5.5164,0.3007,14179,6
1637,1996.5856,3673.0442,26.365592,19231,17761,4042,4.5231,0.6136,13473,0
1638,762.0885,119.7411,20.139336,13183,3463,848,8.1169,0.9457,5178,6
1639,4962.4176,2924.1432,29.440555,4036,15475,868,2.5106,0.6747,4086,7
1640,4635.0056,4707.3718,4.461199,15128,348,774,8.8434,0.7829,384,1
1641,2699.7903,872.0546,21.54921,2900,16385,543,5.6544,0.3668,12149,3
1642,4210.1681,2358.2527,8.739418,9639,63,4418,6.1308,0.2723,2851,6
1643,2604.7947,457.119,49.355006,13223,1784,786,8.7631,0.4543,14846,0
1644,3117.9322,3128.4133,28.057555,17297,8418,3306,8.1941,0.8071,12718,5
1645,445.6313,2752.6629,34.371874,4243,6567,4636,6.0555,0.4563,11604,4
1646,3776.3545,2036.8335,16.270981,18096,17427,2884,7.5566,0.8467,6722,5
1647,638.5761,2606.8899,4.737036,1440,10873,449,4.3899,0.9888,7084,7
1648,4130.3399,4482.8743,48.793546,5614,15319,3311,5.519,0.072,1050,0
1649,3910.1426,981.4795,14.313023,5376,1235,4586,0.7145,0.0454,1834,2
1650,3543.7264,112.8323,21.190467,8878,1985,1906,0.9896,0.1496,14925,8
1651,180.8115,4308.3258,32.493231,2467,17979,4560,8.3113,0.3844,8990,7
1652,1515.6487,2885.5896,1.234962,7825,1953,4410,0.6907,0.131,4468,3
1653,1315.5702,4453.2934,40.512975,12330,18080,3252,1.7771,0.8707,2976,9
1654,1800.6884,2984.7301,26.828956,11631,17339,385,7.9787,0.0231,5156,8
1655,438.2229,4050.8073,13.910932,17350,3292,295,0.1113,0.3158,7699,6
1656,4684.7897,2148.3725,3.080493,14204,8549,1239,2.8958,0.1847,14102,1
1657,2769.0157,3749.3022,8.125005,6929,14505,4858,5.882,0.9315,8001,0
1658,1527.6285,4565.2082,44.751703,9112,11788,2817,5.995,0.6695,14137,0
1659,1984.9136,2860.6191,34.301243,8121,969,1099,7.7938,0.912,1291,2
1660,2236.0182,903.9339,12.495161,11065,16626,1738,5.1087,0.9723,7962,9
1661,3002.9757,1343.9954,3.280132,17893,4235,2190,5.1431,0.4971,7600,1
1662,2578.402,993.2309,34.530797,9405,8339,2766,7.2806,0.2343,7187,3
1663,4596.9607,1234.2927,28.620429,872,7350,1223,5.0364,0.1937,7507,7
1664,2484.8224,1532.0842,20.226036,12583,13369,3243,6.1241,0.2229,2188,4
1665,4960.7902,2775.6734,18.180636,864,15202,3900,8.988,0.7086,8259,4
1666,4257.1263,2939.9623,10.840792,14884,16071,4324,4.0744,0.0404,13303,5
1667,1042.5605,2132.5045,33.480596,12146,8735,411,3.9127,0.0514,13842,4
1668,4652.9768,3077.1077,48.533404,3056,8884,3000,0.1351,0.6081,9585,4
1669,581.8408,407.8838,8.785845,12187,1026,2946,6.1729,0.6421,14597,6
1670,4087.2504,438.9503,29.855871,2683,12198,4787,0.3947,0.6653,7792,5
1671,1903.1227,859.1556,21.20931,12883,3360,878,5.0911,0.3719,12184,9
1672,4389.8728,2590.3923,22.334491,5279,5258,787,8.0619,0.8059,11214,1
1673,4340.2848,1069.9813,12.707439,13806,2952,2110,5.5442,0.5336,6771,0
1674,4029.6289,1416.4292,41.256761,16998,7390,1987,2.7694,0.1055,9894,0
1675,3950.1543,2001.5702,24.262832,1873,14667,879,7.8831,0.7971,8771,3
1676,1523.4026,4059.3325,27.170338,11347,14953,1608,2.7702,0.9531,7935,1
1677,404.6056,69.3205,15.238115,7724,18940,2404,7.357,0.06,1606,5
1678,2014.9069,3246.8976,9.090505,13872,14228,71,6.1416,0.3914,12236,8
1679,867.6308,3344.386,4.295611,15947,17535,2311,1.783,0.4875,7988,9
1680,3474.7585,3993.2809,35.705986,7190,15625,4402,9.0608,0.1465,7166,9
1681,1730.5052,4663.7654,9.811794,12753,1736,3296,2.0864,0.8677,13515,7
1682,4878.0512,100.699,34.503799,11566,17423,762,9.8969,0.2841,14975,3
1683,3204.864,768.927,19.518883,6943,6370,4684,0.1724,0.783,6055,1
1684,4112.4046,4430.8576,20.788798,14731,7128,2122,2.7085,0.671,10171,0
1685,662.632,2292.5982,23.458928,11384,2913,3583,2.0786,0.598,4506,6
1686,4310.0738,2822.9575,18.385489,245,15465,4198,0.2385,0.1921,11073,9
1687,4613.7867,3315.1394,5.031089,21,12607,1630,7.3504,0.2207,7248,2
1688,2435.3147,3395.3362,15.48166,13918,1243,4289,6.9649,0.0473,5808,5
1689,3031.2686,4658.7027,33.186752,13722,15637,1086,7.9443,0.2407,6257,4
1690,3824.0514,4984.7471,33.289253,5768,10109,2458,2.6413,0.3454,10863,4
1691,874.2014,3600.7901,14.311287,10248,8099,4396,4.4989,0.8331,11909,1
1692,2512.8354,1436.1132,23.005185,3516,3413,3267,6.6252,0.3664,8052,8
1693,1993.3212,4398.7632,9.672442,1911,18884,454,4.4537,0.7546,13128,3
1694,731.8785,246.1141,10.518683,10751,11633,2622,7.0035,0.4394,4285,9
1695,1837.6784,1155.412,1.152452,8077,13232,619,6.3763,0.7849,12565,0
1696,340.8709,4486.9296,44.837338,18007,15184,637,1.235,0.9763,14049,1
1697,129.0693,1280.965,10.535412,15052,7161,2349,7.8323,0.2398,14439,8
1698,675.8401,1103.2631,11.376771,4315,19930,4875,7.2347,0.8623,2155,6
1699,4815.5759,690.6351,13.980144,2454,17598,3037,6.5928,0.6218,7743,9
1700,2747.6522,4295.5602,6.370491,2016,11124,2250,1.6354,0.8173,14228,1
1701,4829.1111,2500.2963,31.96318,10237,16803,2722,2.7532,0.6516,14266,6
1702,2162.4951,3374.4693,3.75724,2801,4961,2350,3.9925,0.4239,2805,3
1703,1559.0875,1195.3395,6.710208,9024,789,4433,2.8713,0.2281,2221,9
1704,2530.7143,3790.2045,32.237872,11885,18256,1995,2.3553,0.07,12182,1
1705,2197.564,3800.0301,16.983097,16353,13351,2821,8.073,0.5355,9191,3
1706,528.3324,1562.997,35.397421,12883,18410,1072,6.4185,0.9903,722,4
1707,3204.1352,2053.4191,27.871281,10347,2447,2032,5.6982,0.738,9407,3
1708,1080.1988,1048.4593,12.801133,14036,16184,1250,2.3369,0.3273,9886,2
1709,3097.9436,4882.8054,32.541432,16109,8753,1296,9.189,0.8272,6975,5
1710,3251.009,3228.0164,5.813772,2854,19036,3557,1.9927,0.769,14561,0
1711,760.1327,4672.7201,26.820566,18621,13441,328,7.97,0.2816,5804,7
1712,306.7575,1516.9347,21.857462,4177,12097,797,9.6701,0.0143,3395,4
1713,3903.8101,3909.4567,13.393752,2156,16924,2862,7.2982,0.1182,4026,7
1714,2299.0075,3829.2956,30.200289,6830,6500,4761,9.9293,0.8773,11772,9
1715,290.8284,3458.2813,43.566692,1887,14768,2794,6.5454,0.8366,8129,3
1716,4974.3316,4828.1952,49.945235,6472,19674,3095,2.2529,0.2952,14470,3
1717,288.9122,1967.7827,30.388178,12590,11338,2978,2.1178,0.2852,5157,4
1718,3475.1792,653.5953,20.235353,8392,15820,963,3.3132,0.7929,14429,4
1719,4918.3948,3358.5476,11.260432,19325,15785,1269,0.1706,0.9377,14411,5
1720,1195.9081,3646.5517,12.854879,19875,19143,373,6.8488,0.7791,10996,4
1721,711.2554,2875.3071,23.972801,13351,5312,4381,2.7598,0.6056,10423,4
1722,606.9335,1034.0974,18.363948,7900,11453,2569,8.1703,0.2427,4813,7
1723,1516.3827,2522.2847,45.690735,307,14575,4903,3.6558,0.5257,8651,5
1724,505.238,1560.9556,18.414837,3076,18280,4743,4.8516,0.2335,9894,1
1725,3460.8098,2137.3384,18.672292,18041,15953,3694,9.6603,0.808,8819,3
1726,311.4684,3226.0964,19.176787,7245,2501,1605,2.4975,0.387,2457,3
1727,2547.1155,3726.0763,41.831027,6612,14719,96,7.2404,0.8337,207,4
1728,4983.4843,1161.1311,32.539451,19077,2830,4370,7.5757,0.3816,11509,5
1729,4069.8532,2026.6327,30.708481,14135,48,3942,2.2879,0.8241,1357,4
1730,3076.101,1345.8152,16.707218,18149,2365,1201,5.0599,0.3333,12961,5
1731,1531.275,993.1661,40.895227,276,12865,3945,3.567,0.4401,11789,7
1732,3119.4829,3916.9383,1.918289,5272,8178,4880,7.7419,0.6155,7462,3
1733,2635.212,4546.2644,43.539872,7332,13348,132,6.2626,0.0703,7157,2
1734,2130.4227,1851.1672,25.637544,11554,7932,3116,4.8122,0.9482,14266,8
1735,653.5606,3756.3971,19.912572,11574,19187,1391,7.8157,0.5736,8152,2
1736,4433.0222,4484.9775,24.858414,19845,12842,1150,2.428,0.5078,10132,7
1737,2248.9287,4230.6226,33.37081,10073,11845,3511,7.5609,0.8394,10988,9
1738,973.1206,914.0751,0.63837,16018,8595,3648,8.6672,0.8658,12561,4
1739,1838.8031,4781.4598,43.577606,18229,13419,808,8.7984,0.5223,6523,8
1740,2070.6546,1883.3884,22.337032,16456,2087,4840,7.8584,0.9273,2674,2
1741,4137.6912,1696.2099,17.148392,7387,10420,51,4.1393,0.0647,1050,9
1742,3668.0746,312.166,6.912364,6863,11603,3209,9.8199,0.1132,6824,9
1743,3846.5268,2430.8734,21.973325,7341,11183,56,3.858,0.5968,2592,7
1744,55.1662,545.077,24.816189,9488,12836,3665,6.4224,0.3541,6877,6
1745,2080.7758,1242.7066,20.182394,15062,17534,744,1.6946,0.4642,11982,6
1746,2406.7259,1584.7199,33.933037,7636,16447,4539,9.8064,0.3281,4005,9
1747,95.9712,4044.1335,21.044884,14605,3154,2877,7.0695,0.4047,5974,8
1748,1299.0734,4377.4445,48.070883,17428,9201,80,7.5584,0.8226,8283,7
1749,3801.4515,1512.3386,29.963916,3043,10224,4473,0.7512,0.5935,8668,2
1750,685.5572,4293.492,40.373916,17199,10274,3941,7.6578,0.9973,8057,5
1751,2676.5553,4286.1561,5.467884,10387,752,2967,7.7698,0.7869,2047,5
1752,1076.0172,3823.2571,19.864625,11693,8850,3729,6.7505,0.2737,13014,4
1753,60.6138,733.4841,16.842451,15226,17085,4537,2.9899,0.2643,5308,2
1754,1206.0149,3451.6173,28.474162,16694,16221,126,4.9479,0.3359,7737,8
1755,4879.369,4725.1209,43.05569,6662,10349,219,1.1933,0.8433,3691,6
1756,4007.6875,3412.7056,3.917003,10254,17925,948,4.7687,0.0273,12218,3
1757,4797.8836,1658.0909,3.628833,18262,19417,4374,2.5139,0.2302,3267,5
1758,2439.2753,2502.9016,42.5159,18871,6168,595,3.5561,0.9049,4630,4
1759,548.6899,3228.6288,10.642583,11938,6365,141,1.7097,0.6399,2746,0
1760,2739.802,2552.8569,33.437696,795,1984,2894,2.3775,0.2268,7024,1
1761,2271.8921,599.7735,27.143952,14599,14630,3056,0.858,0.2191,8277,0
1762,4221.787,1560.3271,41.644696,6787,16289,1631,9.207,0.8626,2640,8
1763,490.4219,4011.9821,6.254533,4015,11274,877,5.3511,0.8938,4937,8
1764,2441.2108,4307.0916,6.489235,7393,7649,4206,4.0277,0.2561,77,4
1765,750.2518,686.5088,27.840962,12546,7895,2661,5.3968,0.4205,6474,7
1766,1623.3864,4761.9342,47.318938,5354,13306,3391,6.3201,0.8346,10623,9
1767,3686.788,1644.1198,20.749946,3408,12926,4892,9.2266,0.771,3505,3
1768,2380.0959,3311.5721,16.347172,17359,18699,2030,1.8691,0.8139,2425,0
1769,1879.4477,3759.1282,30.334505,16054,10328,4825,3.026,0.5184,6485,3
1770,1972.3874,4059.7331,46.522437,13190,18034,2553,9.7603,0.9115,5297,6
1771,2297.2392,4728.7491,41.846408,11214,11412,3612,3.7748,0.326,6568,1
1772,3925.0849,1564.6046,49.774181,7249,6901,1041,0.3234,0.1567,6087,1
1773,4460.4245,4292.5337,1.128527,4370,16138,315,1.5617,0.7087,2222,5
1774,4776.6739,658.4432,5.642996,8051,3801,3460,0.3608,0.5394,406,8
1775,3934.5191,3525.2075,30.473427,16849,2479,4173,9.9002,0.8546,2130,2
1776,1577.0413,3709.8912,41.02884,5416,9968,3026,2.8608,0.0812,12309,6
1777,3440.6766,3388.6194,14.262289,15399,10159,2947,9.2431,0.8437,6835,9
1778,2188.0212,1261.5812,11.96063,8116,7055,3237,9.9593,0.2933,398,8
1779,1273.3606,4365.217,39.348811,288,6060,3681,6.0384,0.6549,14666,8
1780,4204.3595,844.3006,2.819187,3196,9960,4808,0.4286,0.0401,14561,3
1781,192.1414,268.1834,18.469195,18377,12008,3107,0.9078,0.6096,9993,1
1782,4508.8109,3587.3278,25.290511,7451,8434,1538,4.8677,0.7173,3474,0
1783,2307.3927,2377.3838,28.017478,2926,6210,3873,4.1211,0.3688,10001,5
1784,3186.011,4245.4916,36.430785,14516,7116,1868,6.1012,0.2154,4990,4
1785,3296.773,1916.9919,17.742351,17505,13069,4950,4.4446,0.5376,3927,5
1786,4475.5898,841.4013,30.634256,5311,18641,1162,9.3474,0.8332,1945,6
1787,3183.352,4182.2126,29.268813,16831,3369,3921,5.3939,0.3235,8630,8
1788,3069.6718,2744.5527,27.38085,11761,16129,3883,6.9679,0.2525,5392,9
1789,333.2695,945.9871,32.024201,14897,2828,2757,8.9752,0.2789,5400,9
1790,2592.0449,3601.9228,12.972533,19281,15991,1913,1.554,0.9491,223,5
1791,750.8535,2555.5731,4.232529,17106,2488,265,2.3744,0.3593,1611,5
1792,3687.1715,3021.5689,5.963672,18548,19988,4429,1.1625,0.0036,7831,2
1793,2561.1145,2304.4971,11.229197,10775,19906,4916,1.4824,0.7817,10153,7
1794,3401.1421,4143.5466,25.009947,15458,13348,1303,5.1746,0.6993,4605,8
1795,208.3741,4147.8153,42.022153,9544,16278,1195,3.2797,0.1286,4001,0
1796,423.9692,3546.947,35.064697,3981,1644,1527,4.2894,0.9849,2665,5
1797,3581.6198,527.0158,39.452051,11577,17597,3605,9.8266,0.6081,1066,6
1798,360.431,4194.2709,17.548846,18110,20,4395,1.6514,0.5008,13488,7
1799,356.2929,3355.0682,20.232747,3414,676,2249,5.454,0.3822,5365,9
1800,60.5523,3485.1239,19.684155,495,16993,1159,1.0788,0.8987,9469,7
1801,4782.5074,1814.9206,9.59374,948,16446,4368,3.2531,0.244,5394,6
1802,3687.5444,4396.399,3.060927,23,9458,4631,5.3225,0.2858,7103,7
1803,1766.2635,3626.8607,29.545846,1129,1155,3514,9.4717,0.1224,7502,8
1804,1482.6849,562.9612,49.460835,13987,9821,2079,3.9732,0.7591,604,9
1805,1748.5227,2038.8961,8.341569,16162,9819,1145,0.7426,0.5955,5131,6
1806,3873.2699,4431.9029,2.334336,16161,3717,69,3.9428,0.6091,6296,2
1807,3306.8564,235.993,38.976606,16942,5243,3718,1.5428,0.2185,8381,8
1808,925.986,4807.0835,12.629375,9809,5023,3009,2.3769,0.6512,7104,0
1809,870.5549,3395.816,41.482207,6999,17827,827,6.2191,0.7655,8868,7
1810,491.9873,3156.8836,35.196863,7183,1654,1170,0.7675,0.3579,638,5
1811,3301.517,1352.8036,47.283682,18041,2503,984,4.7008,0.8013,14547,2
1812,3821.8657,1243.9665,20.446421,8999,19654,4577,6.1337,0.3488,10189,8
1813,1325.2395,4710.2917,33.098526,3313,16666,3978,4.2764,0.7581,1845,5
1814,104.7346,1491.3693,23.242793,13330,14087,3335,0.2894,0.0337,14675,6
1815,410.8675,3877.5287,31.529472,15803,3404,2341,9.8566,0.5512,47,1
1816,4839.3005,1965.6151,22.48,11168,1236,2016,3.7344,0.9695,820,0
1817,1477.2309,696.279,9.431693,2325,13150,1453,7.8079,0.9812,3808,0
1818,3846.118,53.5864,25.39492,9640,14397,2134,3.3239,0.2818,3023,2
1819,3123.3216,2721.2912,26.429257,13339,14431,1040,4.8027,0.4414,1081,2
1820,1909.7044,4878.8943,40.530211,10754,17170,4724,3.9458,0.063,3147,7
1821,1028.4443,1845.6873,36.776062,5985,13865,4214,3.4911,0.8733,1278,6
1822,606.9409,1785.9681,33.189615,18896,15507,3467,0.3163,0.5686,11927,9
1823,3075.0687,1720.4646,5.669443,15143,11510,3027,3.6642,0.3851,6742,7
1824,3873.1712,2602.724,36.030842,11064,3195,4258,8.906,0.1128,2218,0
1825,3219.5248,2203.33,25.015308,363,4790,2748,6.9349,0.9468,5266,3
1826,2651.5154,4399.5743,44.704987,3455,10639,4263,1.5397,0.5302,2887,7
1827,209.7657,2527.6089,45.993555,19183,5351,4396,5.9524,0.2829,13345,9
1828,4842.4442,2538.7941,2.757924,3256,534,3496,8.9331,0.3502,5635,1
1829,3993.573,691.8666,41.032096,17602,3664,3856,7.0303,0.2707,8988,6
1830,1464.1173,4913.6979,1.884966,17870,130,562,1.572,0.6018,3329,7
1831,4899.8518,1249.872,18.358545,5350,12564,2204,8.6915,0.93,7294,8
1832,3009.4119,366.8296,27.115045,7196,19344,3420,3.0853,0.8567,3007,6
1833,2912.1175,3315.7346,7.405125,10048,1859,1145,4.5954,0.4604,11377,8
1834,3740.3684,2976.8359,37.315716,7751,15736,2700,5.3088,0.8265,6959,1
1835,4058.8508,2075.7341,0.417834,9400,12343,1552,8.52,0.4231,7973,0
1836,3282.3965,2110.9669,8.430036,13687,3650,4022,9.3229,0.2523,10582,0
1837,640.4875,3925.3218,29.039883,8036,10979,561,9.3036,0.9834,4144,3
1838,1691.3441,978.5712,35.719407,1508,19482,1188,0.1787,0.3039,14700,0
1839,4640.4189,4101.2684,45.832163,17388,19897,3134,9.2267,0.3237,12051,6
1840,1123.0858,3243.7391,35.274862,14777,4861,3412,0.6384,0.9897,5518,7
1841,1860.8414,2094.8547,33.588996,17310,9413,1690,2.7312,0.1339,1219,2
1842,2160.3901,2290.1485,19.717118,6584,8834,4408,5.1984,0.7605,8019,0
1843,2197.0306,1283.2435,0.064321,3928,14136,2424,4.8513,0.9358,9953,2
1844,3064.7018,3760.5741,6.008051,17370,724,1370,6.0866,0.5118,8917,1
1845,4715.3798,2564.3786,26.727774,15798,738,581,4.8465,0.0025,1345,5
1846,1203.4712,1604.2795,33.756527,4232,13880,977,9.3503,0.3751,14106,6
1847,607.5157,2980.2546,20.872472,5303,1300,4273,2.4814,0.1116,138,8
1848,987.3605,4978.6723,36.533978,5292,19865,4610,2.8128,0.4162,4451,4
1849,4434.6256,2176.317,26.093163,909,340,2357,9.2153,0.79,14157,3
1850,3229.0576,4603.4578,3.708902,15124,153,119,0.8597,0.4387,13382,0
1851,1429.5411,1725.0907,9.600893,12878,9614,1543,6.1347,0.4319,4907,5
1852,4079.7365,273.673,41.999927,14240,13756,4863,6.8492,0.5568,13894,7
1853,4306.8514,1021.2185,36.245665,2587,15983,3044,5.1049,0.5817,11747,3
1854,4232.5732,2093.4815,44.73811,9336,19436,973,6.9729,0.8563,14032,0
1855,4594.6335,1098.1824,5.877951,15641,427,916,1.8103,0.3084,2760,4
1856,1261.2126,1.1452,49.511128,17716,9328,1438,8.5411,0.8217,59,9
1857,3775.2121,4575.0085,10.470415,10535,18757,587,1.4863,0.5659,771,4
1858,2302.7029,4219.3986,0.589093,1807,11522,351,4.068,0.3005,389,1
1859,4209.9943,3711.4637,49.871147,10293,17334,4592,0.8451,0.2951,12117,5
1860,3642.4561,839.0813,14.053766,17190,1374,2563,5.4976,0.3611,3423,9
1861,3882.2395,601.8267,33.401006,10968,7083,1871,6.7305,0.6227,7013,8
1862,3280.8126,338.0331,8.834198,16456,9894,273,9.4181,0.2308,12627,5
1863,887.1521,3620.1487,29.011469,28,18867,2928,7.4194,0.9203,4853,7
1864,2725.1391,4644.0405,45.201759,8661,7594,4359,5.4569,0.5749,596,9
1865,4923.3489,2152.6848,16.009126,7056,9496,3440,9.3329,0.92,8628,2
1866,4686.941,595.7122,33.512732,9617,16755,3042,4.8365,0.0464,9666,9
1867,215.8782,2561.969,9.395261,10441,7838,3949,5.6559,0.3426,12665,1
1868,824.0824,1744.166,31.239807,3833,11173,1765,6.0014,0.0228,1983,3
1869,658.6525,1874.1309,16.822584,15971,18681,4291,4.1588,0.2723,10631,8
1870,3629.9023,3106.6569,10.560492,13108,10318,1771,8.401,0.862,14817,8
1871,4088.9285,3593.5934,15.659171,13778,10935,1523,1.9332,0.0366,11061,2
1872,1067.5647,553.0269,8.942136,15955,18749,832,5.5929,0.4361,12402,0
1873,2529.2684,177.9608,45.095815,16944,5231,562,7.2501,0.1176,12010,0
1874,4203.5167,4971.6516,19.859405,7958,13646,3541,9.0494,0.4168,8966,3
1875,3664.0104,1163.6494,12.264041,12667,8955,4137,8.8508,0.8389,10119,3
1876,2711.1906,269.1621,22.420447,10111,12255,1480,5.1365,0.6231,10412,9
1877,2951.7425,949.3847,16.026876,7345,17389,4467,6.4673,0.7368,8210,5
1878,2541.8077,194.7988,37.220988,16463,7058,1206,4.003,0.3491,4331,4
1879,1487.7493,1959.0606,48.560998,13697,3756,657,4.735,0.9444,5430,5
1880,2825.1143,4012.0109,21.901739,1032,2847,3941,9.072,0.7093,12159,9
1881,3444.4296,1706.2288,43.051684,18457,2965,590,9.314,0.4218,1693,6
1882,4366.6158,2220.9226,28.293197,15091,8879,4327,8.9646,0.4265,2771,6
1883,3181.4604,3377.9371,7.861868,15817,12649,4905,1.4699,0.9187,4377,9
1884,3805.6101,2544.4753,34.531168,17869,2756,1372,8.5158,0.5764,4927,9
1885,800.3666,4307.2298,25.671774,10438,19117,4575,9.4888,0.7064,3268,8
1886,2307.7928,4330.1797,32.530361,15454,6474,3752,3.6764,0.417,9331,5
1887,46.668,49.5634,44.484382,14259,14555,3760,5.2346,0.2237,7565,7
1888,1233.4019,3890.2338,22.021784,1551,1694,2101,7.813,0.7236,1696,1
1889,3632.3113,2303.6734,45.058891,12978,11085,1885,5.6646,0.6078,13979,7
1890,4959.0498,4944.2028,37.533476,4683,12004,748,9.9355,0.5013,1587,8
1891,495.8995,2416.1655,24.430297,14440,17069,464,4.6116,0.624,12706,3
1892,2007.4776,4934.4799,30.161146,18214,2920,754,7.168,0.2083,10524,4
1893,4000.3568,3772.8493,16.279124,3752,3757,583,7.9467,0.7939,4681,4
1894,1020.1861,1243.0319,49.179867,12915,3284,2206,4.9916,0.9482,5448,1
1895,2775.4292,2691.9795,33.367591,10224,4692,4115,8.5841,0.8911,5461,4
1896,3665.3591,4960.6783,2.192438,15399,7351,4151,5.5069,0.3214,10862,8
1897,3079.9311,4287.6545,16.331163,6602,17541,4028,4.1753,0.406,7966,3
1898,940.1318,486.8435,31.165759,3857,3062,4817,1.1675,0.8084,2269,9
1899,1776.9293,3531.8629,2.816758,12662,5920,3354,3.9948,0.5951,10249,2
1900,3918.9611,1727.9045,1.194307,15592,17677,2809,7.366,0.5479,14221,6
1901,2771.137,34.9212,22.501267,6183,10077,3604,9.2207,0.9266,7250,7
1902,26.158,2017.4108,16.634576,7971,9753,3914,2.5916,0.536,13120,9
1903,3804.9562,1173.7798,21.914987,15155,16013,1420,3.6168,0.5149,7462,5
1904,176.5664,4094.3482,13.134739,2095,9176,2168,1.6242,0.042,10615,5
1905,3728.6715,1686.6597,8.235971,12096,7903,2145,6.9382,0.0694,12822,4
1906,1012.4108,4137.6202,34.457199,19417,2068,2168,9.6059,0.0074,3487,5
1907,4790.3678,2.9997,25.728604,13673,1980,1561,6.4454,0.9132,13411,8
1908,1839.7101,1539.1027,10.007791,17933,18121,1177,6.2091,0.4084,5802,1
1909,1634.6648,1205.8337,15.979539,14229,18303,1269,5.5796,0.4686,2750,9
1910,744.4488,1167.8445,29.590436,8560,701,3588,0.9757,0.8454,7786,2
1911,1528.028,340.9424,3.61156,65,4047,1167,7.3221,0.6092,6976,0
1912,4383.255,935.6295,7.372736,3300,2074,3576,6.0603,0.6095,12234,3
1913,4981.6717,2777.7523,3.662373,4850,11946,2842,6.6486,0.2965,11017,1
1914,1841.554,1456.8125,40.615885,5640,16779,1871,8.9982,0.8339,1406,5
1915,2243.0587,2086.9797,37.620486,18420,3049,3930,7.8612,0.1658,10079,0
1916,3610.3575,1884.3406,37.665671,11056,19837,2268,7.8311,0.0531,11180,7
1917,4430.98,4379.5259,35.816296,18613,523,2887,9.2791,0.1916,3576,9
1918,2965.2257,4526.4959,33.469304,16981,11102,160,9.9004,0.2677,12735,5
1919,1957.6346,2464.7899,23.849648,19991,8742,2659,5.8547,0.2823,2728,8
1920,2063.1151,1650.7865,32.113944,10867,17853,3764,1.1779,0.6705,6488,5
1921,3478.0938,534.0125,1.918174,3890,12675,4735,4.6454,0.2178,14761,9
1922,16.1013,4767.0149,31.073259,19891,17806,1056,7.8973,0.6767,12913,6
1923,3097.9505,301.1441,38.893907,15459,286,334,0.3745,0.0911,10056,4
1924,1777.4715,1488.2584,25.017968,17780,19130,3597,0.6632,0.1472,10546,7
1925,3970.9887,1490.338,17.875731,453,11958,892,0.7649,0.5088,6292,7
1926,464.9623,1602.0132,13.871409,10996,7109,2988,7.3373,0.9219,11089,9
1927,2941.0155,821.4426,32.140138,2632,14991,4448,5.0615,0.8596,13020,8
1928,2404.8696,3915.8093,34.640091,2187,17830,1363,3.7521,0.9688,2502,5
1929,3211.6312,612.4981,43.548393,5968,5838,926,1.1456,0.6505,938,0
1930,324.2773,3174.5369,17.11677,4349,15033,2444,7.3492,0.6758,10273,8
1931,2899.9231,619.2389,38.488638,1460,1467,2578,3.2781,0.625,1756,2
1932,2807.4273,352.6875,28.067835,1943,9107,3981,2.7267,0.6228,13813,8
1933,2803.3049,4547.1484,44.141836,14897,8480,2406,6.558,0.1471,3391,6
1934,3017.4423,950.6519,26.390653,14408,10281,1420,5.6342,0.5437,5817,2
1935,3382.3429,4106.2526,25.88154,15623,5933,2876,3.6879,0.3861,1217,8
1936,4024.9469,2723.1589,28.893896,14558,9997,60,6.4507,0.4425,1204,6
1937,1349.1109,389.2918,37.465793,16446,1179,2525,2.7851,0.5236,1891,6
1938,4125.2488,4777.2414,48.234527,17879,2552,3798,7.9688,0.1284,11224,6
1939,2491.2834,1234.8134,3.67826,17565,16026,2660,2.3703,0.3595,13830,1
1940,385.3006,4298.2281,2.671825,13094,9781,4097,1.6725,0.0634,8583,3
1941,292.7641,844.0583,46.877523,2789,10149,1579,7.8462,0.9797,7689,9
1942,1671.1983,4269.7159,26.493828,10401,9968,4407,7.1081,0.1185,6501,7
1943,3924.487,66.1539,30.745189,16490,4863,3106,1.9081,0.2585,6717,1
1944,3538.4076,2558.9072,24.121232,3926,9180,708,1.2508,0.8913,10704,3
1945,3943.0769,3847.2152,4.682963,18293,5856,1781,8.4002,0.4827,11170,9
1946,2586.3501,4673.9782,38.404492,18434,17588,2414,7.7883,0.1356,3747,7
1947,2201.0006,4546.0116,37.361258,14569,1120,4954,3.3398,0.3842,8291,2
1948,737.2712,4098.1262,15.585235,12657,3976,3407,6.6162,0.1159,2196,5
1949,1640.9705,4440.9579,15.312032,9467,12920,2162,1.3292,0.2002,4666,1
1950,2170.1025,996.1064,41.892085,3905,9603,3540,5.1198,0.052,13015,7
1951,443.0113,1420.9286,3.617956,15468,12696,609,0.2854,0.4382,9194,7
1952,1103.0676,1444.8497,44.055269,10420,1293,309,3.9769,0.8066,7350,0
1953,2991.1305,1885.2759,12.833159,16677,9387,4308,0.8409,0.586,9763,2
1954,3678.3182,1966.6094,29.649278,10415,10141,2365,4.804,0.6063,4399,1
1955,4991.7376,2722.7812,46.799715,12166,18602,185,4.2746,0.2006,3630,6
1956,4665.5673,799.4072,33.906157,10684,11773,246,4.4994,0.3439,7767,6
1957,3212.8296,3456.2364,20.721549,15443,6591,239,0.5488,0.8452,6148,3
1958,2106.2461,837.841,34.476741,4861,13978,520,3.68,0.0879,14443,7
1959,3180.8905,1551.5493,17.199047,3730,17402,3908,7.5892,0.8579,14411,2
1960,3928.2602,2516.7306,13.862993,14401,5177,277,3.7523,0.4837,1064,8
1961,591.6898,3982.2048,49.834164,8620,19975,4029,7.1802,0.8371,8831,4
1962,2049.5303,3697.3488,37.539536,11165,12400,4310,3.7578,0.318,10935,1
1963,4199.013,3227.6753,32.236034,6111,6648,606,4.2901,0.3388,9335,8
1964,1919.1709,778.8747,17.764547,6956,6016,4574,5.6825,0.7516,10313,0
1965,2859.3656,2735.2313,2.458137,107,15846,4604,9.5118,0.785,8744,7
1966,2938.8509,437.2416,1.552941,4755,18474,4054,1.1777,0.2296,3276,5
1967,922.3894,1886.8221,27.709107,11526,2057,2713,0.4258,0.9729,977,0
1968,1811.1836,2067.5885,38.10166,6409,12177,142,6.1188,0.0845,12384,3
1969,1672.5631,199.0668,26.869006,7636,10004,3662,9.4961,0.0685,11543,2
1970,130.9933,1369.9478,42.03927,1226,13748,2370,9.8983,0.5955,11407,6
1971,120.9686,4778.2478,1.671423,12197,3115,1718,4.8932,0.7227,11740,6
1972,4158.4869,4768.1635,18.337667,4251,13443,4557,4.734,0.9609,11124,5
1973,1365.3613,1761.6417,11.853596,15373,7384,4766,6.4851,0.4049,4070,9
1974,2590.3987,215.5101,22.363704,17280,1630,3428,5.6008,0.0253,13480,9
1975,1493.6349,895.4829,3.618912,12098,17928,2325,6.3775,0.6029,12178,7
1976,4703.3968,1961.095,47.706587,18005,18289,1845,8.7526,0.2897,14613,6
1977,1296.4912,4738.899,11.162848,12056,17821,400,7.4884,0.4329,6403,3
1978,2148.2898,706.0039,46.115397,5420,3318,4764,5.0191,0.4885,12334,6
1979,4363.6525,3817.5816,21.294715,17770,11252,2564,4.6725,0.0645,346,0
1980,4209.6694,543.4216,49.276208,15714,4117,1523,6.4321,0.486,4943,2
1981,930.5152,4906.2881,27.702964,11785,9624,1335,4.6115,0.4263,2943,1
1982,4013.2185,1908.0887,46.54165,2434,6124,2624,4.632,0.7125,7405,6
1983,2290.9399,3876.1749,0.267549,10999,3062,239,0.2614,0.6457,1077,8
1984,2414.8495,1712.962,37.411965,11576,8090,3216,1.8232,0.1852,9364,4
1985,667.4085,3138.3481,45.152542,1302,3732,3648,4.9363,0.2061,3771,8
1986,403.0168,960.0885,6.986114,6859,6328,1617,8.2443,0.251,5653,7
1987,3639.6993,730.1136,4.806383,8951,16362,2430,2.8594,0.179,11354,0
1988,2482.3108,4690.3213,21.228688,8939,15908,3653,5.2742,0.6572,8425,1
1989,2184.2591,4588.2372,46.683952,5645,19702,1722,3.5151,0.9944,11991,5
1990,3647.5438,4437.3458,27.119374,11079,2047,1273,1.1376,0.6521,8049,4
1991,3827.5668,3127.171,26.37287,9261,19529,3140,9.5872,0.6067,12339,6
1992,794.5492,4041.343,7.056392,14691,19606,2879,8.5613,0.4099,12953,8
1993,3051.1296,345.194,0.039575,3308,11333,1536,0.8771,0.3126,12100,3
1994,676.7791,1673.9519,40.507024,16489,5065,536,7.2259,0.9111,11892,7
1995,3756.8779,1568.5225,4.378819,396,9446,949,3.541,0.969,451,3
1996,3284.7792,3178.2303,31.692528,19902,723,4959,9.949,0.4968,9555,2
1997,4783.0735,1779.7953,45.730831,10846,13290,2643,3.0937,0.2902,351,1
1998,344.7994,742.5424,10.432675,3292,15211,3942,2.4635,0.7701,10889,7
1999,285.283,2982.3394,33.263675,18395,7565,1022,5.7221,0.1325,9501,7
2000,1410.9426,4071.9215,3.935021,13139,8276,434,8.3677,0.7656,4005,2
2001,1308.5358,1910.6237,30.187797,4538,3820,1404,2.0059,0.8189,11118,0
2002,1234.9015,661.3523,8.19667,9861,3365,3512,7.1231,0.1249,4679,5
2003,4531.2738,983.449,36.797704,17436,4319,2936,0.7079,0.9769,245,4
2004,1247.7385,1187.4242,15.061635,19226,19165,4879,9.1975,0.9855,4646,7
2005,1359.7559,1499.495,23.169604,6619,11480,4265,0.9026,0.9367,13016,5
2006,3796.9937,3213.9789,29.971567,4724,7399,4805,9.1509,0.496,4735,3
2007,2248.7047,3004.7314,8.563753,19969,2453,3334,4.959,0.2461,12872,9
2008,3883.555,3480.4023,37.081917,14838,426,1603,4.5361,0.582,10466,9
2009,326.8401,1812.5163,15.132087,8540,13866,229,9.7357,0.4199,441,1
2010,2437.8611,4119.99,33.118627,1264,13508,4523,9.9048,0.2059,11738,7
2011,168.0777,1020.4463,7.914237,13306,8800,4218,6.5368,0.4237,9660,4
2012,313.2754,2345.209,34.405914,10935,2125,2197,1.3585,0.6639,5916,7
2013,4532.1882,4004.6956,6.409491,10266,17685,2900,5.1111,0.0709,412,4
2014,696.2355,900.8014,21.267882,16340,5016,111,5.3387,0.3334,814,5
2015,2662.1081,549.3245,12.360379,1352,8658,1245,5.193,0.0178,12534,9
2016,2055.4839,4418.421,37.418788,7191,18349,4160,5.738,0.7495,4679,4
2017,1736.7232,1714.6549,13.101824,19031,10732,2686,0.2854,0.6407,1731,2
2018,4499.1677,3419.3538,44.085877,16651,18745,3802,7.1412,0.0627,6644,9
2019,109.1268,126.7528,44.591021,10886,18424,3868,7.1527,0.9647,13270,7
2020,3318.9518,3450.2375,9.822146,7435,16309,1378,1.2432,0.0226,1975,2
2021,4816.9725,1580.5134,30.692336,1023,17569,1772,5.7454,0.59,550,3
2022,2800.8453,278.7137,4.385973,2038,14644,13,5.7268,0.7764,14453,5
2023,4684.1129,3049.0677,19.576916,8757,3935,4335,6.8563,0.7879,13676,1
2024,261.2989,1204.0267,35.666115,13559,11410,3262,0.9454,0.0343,1938,6
2025,2093.9724,1934.0423,32.971196,17444,8173,663,6.3024,0.9064,204,4
2026,1300.7964,402.9133,31.235071,1425,778,3093,2.8794,0.9185,12639,9
2027,3654.1075,735.8248,14.127115,4124,19764,694,5.1193,0.5614,12607,4
2028,4906.4856,1489.8932,18.90131,16604,15906,3391,7.7559,0.4821,3589,4
2029,1282.6577,448.8066,5.147397,406,2419,1182,7.0859,0.0449,7084,1
2030,3270.8765,4554.1322,35.951169,9830,12455,3019,1.2771,0.562,2537,9
2031,990.4962,30.2452,25.194489,18703,2440,1505,5.9527,0.4094,5789,8
2032,2826.6556,2419.3063,35.438311,9952,7805,1903,9.6943,0.7728,8299,2
2033,2319.6678,616.2461,12.447251,8984,13024,4172,1.652,0.4039,3812,6
2034,4860.0269,1538.4024,16.221979,17694,14827,329,8.5438,0.6836,2702,4
2035,3042.6403,4630.2985,16.710833,12026,13213,1440,7.0552,0.1014,12090,9
2036,1747.5384,808.4811,1.287218,4930,1990,3847,7.7626,0.133,10412,9
2037,570.4878,4829.1619,17.05246,9523,7869,4168,2.8914,0.1397,7826,4
2038,756.2426,1028.9798,40.165248,12639,9259,225,2.9501,0.0455,14855,3
2039,1126.5924,3707.8331,44.864935,8703,945,2521,9.0696,0.5413,5975,9
2040,1254.8408,2733.3909,25.910964,10765,18282,3715,3.6623,0.794,3937,5
2041,4253.0818,4422.3948,22.775139,12122,5151,2408,0.7239,0.6104,4091,6
2042,2806.1183,2769.9707,1.541328,14220,18082,811,6.0459,0.575,9150,6
2043,2616.9593,2672.8008,43.960229,1618,11007,3118,1.3357,0.6806,6957,7
2044,573.8532,977.298,0.650609,10249,10681,4774,7.9863,0.3396,10768,4
2045,4300.6999,831.1551,47.23751,17905,15205,3291,6.4533,0.362,10560,6
2046,3614.0743,4582.4466,24.460864,1584,1666,4387,8.7598,0.3143,9253,3
2047,338.3511,1639.1977,17.09679,6705,12812,2252,7.8699,0.7121,2547,8
2048,3539.1784,1860.4176,46.210929,7989,8952,4662,1.2099,0.1616,3737,4
2049,2717.6957,3799.1207,1.219647,17960,10350,2530,3.8726,0.013,14601,2
2050,408.6359,1694.124,29.071287,9954,9544,4607,7.7681,0.5962,11959,4
2051,2291.5086,4760.3127,27.446671,2614,9461,924,4.2317,0.9424,13980,8
2052,2423.4866,3689.6415,10.966098,3893,1786,3053,9.7264,0.6094,1673,7
2053,828.881,2987.1502,21.444429,12337,5949,16,7.3838,0.7829,402,0
2054,4728.4913,4404.477,32.613235,6734,14499,3597,0.2534,0.6728,8794,4
2055,4249.8784,248.039,36.356587,4432,18992,2404,8.8119,0.4974,11192,5
2056,3345.115,1285.3209,0.035943,17766,2631,4452,1.098,0.7184,4314,9
2057,2311.4832,2325.187,46.842678,3516,7661,4926,1.4912,0.8241,14666,1
2058,2058.8336,1134.9004,8.226352,4455,239,4011,7.3715,0.2247,12474,5
2059,3254.8708,3719.5285,11.679098,7770,19921,2647,8.6632,0.3361,11645,8
2060,2727.1639,4596.041,13.173746,8385,13892,1102,5.4099,0.2237,6353,3
2061,311.3749,2118.8564,1.891103,13728,9339,2976,2.9616,0.4522,11827,2
2062,2562.5181,1710.6696,6.152694,3535,9750,1091,3.578,0.8851,8480,8
2063,4032.02,4807.754,49.317498,756,10350,2907,3.4946,0.3452,88,1
2064,2296.2048,2224.2677,15.760905,18910,13583,1747,3.3341,0.3745,7147,8
2065,259.7924,2445.2471,5.765143,17212,11644,4310,2.5048,0.8604,6280,9
2066,3931.3931,1758.2558,5.349652,18718,12246,1721,6.1278,0.5154,2206,1
2067,1006.8269,4547.7433,35.973026,8303,7900,449,9.014,0.5354,2968,9
2068,1293.1116,2844.7817,42.728448,12908,7146,3013,3.1401,0.8608,4251,2
2069,823.5401,3810.8753,12.847689,8985,5862,3505,1.9483,0.4905,3535,6
2070,1651.082,4059.0355,1.045574,14386,13052,1569,8.4019,0.6816,8412,1
2071,3783.76,1709.2518,11.154579,7182,16633,3187,7.4437,0.0856,9675,0
2072,2596.9341,2168.4773,2.825879,13446,12322,3492,9.3153,0.1786,3239,8
2073,1024.4143,4242.3604,5.169836,12876,4324,2547,1.7386,0.4044,8514,5
2074,4389.1516,1816.2831,21.575463,3415,2861,4806,1.5281,0.4948,2739,8
2075,4397.9105,3969.6777,11.495996,15006,17108,4476,5.4602,0.9657,4937,2
2076,4352.8934,4704.9622,25.797342,9502,14920,1048,6.1829,0.9707,13874,2
2077,1193.9887,3116.0556,12.674762,14246,570,4635,4.8537,0.8512,1837,9
2078,2256.2022,3708.139,47.026871,6458,8412,4849,6.0298,0.3156,2560,2
2079,4924.9484,4025.4885,45.297208,6750,9587,4631,1.8858,0.964,14423,1
2080,3860.0647,4225.1998,28.340349,297,19219,4769,4.8482,0.6893,1569,5
2081,135.8468,1975.2727,17.721264,9822,2123,1065,6.6151,0.3929,10515,2
2082,326.0323,256.3268,19.057406,16953,14410,3822,4.3838,0.7017,14477,4
2083,2319.6622,2009.3873,20.592673,5284,3090,568,6.8265,0.0165,14048,4
2084,4546.1019,3368.7844,36.378993,13120,14243,1437,4.5668,0.1462,4721,9
2085,2693.5136,2251.7574,22.582005,7665,7211,4511,3.4026,0.8297,7958,2
2086,2489.0676,3744.8183,42.836512,7512,16434,4545,3.1057,0.6456,11156,2
2087,527.3774,1784.9186,47.204745,5466,515,4706,4.1679,0.3642,8545,0
2088,3283.904,3173.7244,16.797374,12558,10984,2706,0.3286,0.5007,9221,5
2089,4110.5176,932.1072,28.034768,4383,10971,2484,6.7184,0.9051,6526,2
2090,1902.1062,3746.8497,4.752917,16450,10811,4801,8.4665,0.6316,7936,0
2091,3878.0615,2728.4844,10.023532,17264,10030,4830,3.6108,0.3981,13646,9
2092,4822.3836,1020.3299,20.673347,9409,4672,3780,0.5557,0.1203,12763,8
2093,1018.8403,1459.5629,10.310215,13691,17550,4896,9.8691,0.2937,10202,0
2094,2616.6529,3743.0461,43.828037,5070,10442,2795,2.7106,0.9783,9120,4
2095,1435.6969,2413.0114,7.914397,19624,415,1861,1.3535,0.4374,8222,4
2096,3964.2742,1080.165,22.783096,11673,15094,3337,3.7605,0.4718,7515,1
2097,2887.9711,4836.3563,30.285001,16892,17489,1891,7.4117,0.4986,7066,0
2098,3172.9157,3575.6279,34.593226,7705,19741,4827,3.0098,0.8841,6738,5
2099,3989.5728,4785.6746,19.15353,17510,2417,4292,5.7896,0.6039,2541,6
2100,1979.8584,2135.531,43.454967,17270,5612,1098,4.214,0.6937,3820,8
2101,4575.4512,2375.507,28.416001,19226,15232,1639,1.2659,0.3894,8687,7
2102,2665.149,4489.7771,21.975445,7976,8396,1659,3.3698,0.0291,8024,9
2103,789.7825,2625.2515,3.362125,12070,8261,1126,7.2762,0.931,12676,2
2104,3479.4986,3536.3975,23.234527,6566,19948,264,6.1588,0.9491,9065,8
2105,3966.3088,1260.8719,41.03681,4871,12649,2993,1.2858,0.9492,835,0
2106,1583.8152,2233.6379,30.727089,18910,13343,161,1.7169,0.9437,3325,5
2107,4285.8977,617.2581,41.608139,9118,14211,1257,6.4433,0.8152,630,9
2108,4530.7172,1029.9081,24.700634,1939,6834,4866,8.1528,0.6846,2987,1
2109,1384.5297,4.7271,5.923173,11555,4753,311,3.5598,0.8445,8222,9
2110,4917.6075,196.3349,0.682091,3233,11979,227,5.9936,0.6005,14959,8
2111,703.5662,4886.4193,15.161047,3466,8728,273,1.7894,0.1344,8080,8
2112,1010.0863,1211.7761,34.899554,441,5024,4413,3.1826,0.3912,7934,7
2113,921.1324,3316.5569,39.513016,16846,983,1923,0.3007,0.9713,3783,6
2114,4469.9496,4195.5001,14.787712,5414,14306,3158,7.7059,0.3511,8999,5
2115,3271.4662,2753.3068,24.782746,11664,16147,2339,4.07,0.8678,6486,1
2116,760.5299,765.731,21.056003,5756,17730,1602,8.1796,0.0932,14121,3
2117,2201.6227,3640.5849,20.526198,5013,11202,3719,7.1129,0.3342,5407,9
2118,3076.494,3001.261,11.567513,19548,16911,2423,8.3046,0.351,10161,6
2119,417.3296,3656.2556,6.818642,16127,17315,1926,2.928,0.0516,3469,5
2120,4412.083,3848.7354,9.834508,6753,18667,567,1.9326,0.1191,7145,8
2121,4018.0196,4877.0521,2.766714,6,18331,2916,9.7219,0.1932,11773,4
2122,2526.0388,2867.8207,9.906617,4777,15366,252,7.2015,0.8378,10153,5
2123,4835.6334,1708.2121,0.460144,7039,10734,2355,8.357,0.0634,12532,9
2124,2088.8107,3242.3263,31.362957,6415,10109,3502,0.23,0.2987,8413,5
2125,4920.5518,342.2129,15.818839,3971,3361,4771,3.6092,0.0102,5276,7
2126,3339.6033,4486.9876,48.657238,11051,9786,2312,7.4539,0.6956,13695,7
2127,3173.36,596.9139,9.685933,2607,8113,2116,0.872,0.6203,5868,5
2128,829.7828,1639.2209,17.291494,16483,16017,1603,5.7167,0.645,9536,7
2129,4409.64,4078.7287,17.892122,526,19310,3271,4.3478,0.3744,6517,6
2130,2137.4542,2986.5659,0.422674,6338,3626,514,0.2744,0.2083,4627,0
2131,811.1754,1968.1837,41.960414,1181,5470,442,2.4362,0.7203,2263,4
2132,63.0475,2367.1836,1.59982,13058,1224,1,2.9194,0.8111,2415,9
2133,2798.7828,4272.7384,47.008998,5923,7111,903,1.2074,0.1386,10354,9
2134,2637.0028,1700.0285,44.603728,3072,9158,1221,6.3522,0.4868,12313,9
2135,3596.7709,4348.2497,26.776142,2793,13252,2322,2.4997,0.2487,11174,4
2136,4451.2914,440.6813,27.179824,13845,4993,856,2.8484,0.1681,5241,9
2137,397.0421,3883.9944,32.688931,15,13647,1018,8.9926,0.7343,14054,8
2138,3657.4851,4237.7397,19.352562,18800,11871,2221,4.7245,0.5381,14947,6
2139,937.0678,909.0964,32.361149,2686,4788,4681,3.9821,0.2162,9050,6
2140,4290.8867,2151.7384,2.238515,16213,18757,3505,7.2663,0.31,5123,9
2141,4095.3194,827.5072,2.702476,9429,11141,4551,9.1052,0.9667,4994,1
2142,2703.9734,3533.0236,22.861575,8160,3300,196,0.3479,0.8487,8965,7
2143,3551.2169,2676.7435,27.48116,4101,9361,4695,4.5376,0.8799,2493,2
2144,1571.7574,3176.6204,44.390893,6375,6452,1333,6.1467,0.46,8212,8
2145,2355.8448,982.4429,5.233121,6005,12942,4652,3.2538,0.6238,13516,5
2146,4108.1863,1058.7372,41.132414,5522,15994,1518,7.7468,0.3768,8998,8
2147,2296.3314,207.4962,10.502446,11413,14621,4535,9.7176,0.0777,9573,8
2148,1788.9977,1610.3445,19.704243,11756,18792,2698,9.4399,0.4011,2176,6
2149,2471.0673,2798.7277,15.83019,19682,13085,4455,2.7332,0.594,2406,9
2150,4141.248,4289.676,20.007824,19018,5028,3108,2.3407,0.2871,3364,7
2151,1676.0469,3334.6406,7.52486,3891,4261,1058,9.5792,0.848,7342,1
2152,868.8162,2176.9873,25.178553,17176,4829,2706,4.6404,0.1511,7901,4
2153,3560.073,4765.601,40.082149,9192,8773,2064,2.1621,0.3671,11619,2
2154,4129.8928,3596.2288,22.076756,152,9013,2793,7.0993,0.1249,9073,0
2155,503.1964,4650.8267,24.53073,19448,8316,421,2.9158,0.4048,11301,5
2156,1199.3782,2637.9446,42.438394,13862,14260,4649,2.7457,0.0397,9526,8
2157,709.8685,1294.5288,35.302935,18476,12632,2815,8.8046,0.2725,9877,1
2158,1739.7136,264.1429,24.522771,15033,18259,2841,1.7085,0.4007,11157,8
2159,2251.7604,3630.427,12.884857,4600,3124,1032,0.7375,0.4782,1606,7
2160,3744.1342,606.5238,44.246349,12275,4225,1492,2.7649,0.5437,13396,8
2161,3255.7414,1513.8826,28.851062,12219,19583,4976,6.1088,0.275,2558,4
2162,3104.6466,2662.3592,11.057458,2978,10978,1886,1.3186,0.523,8636,1
2163,1761.8812,2822.0873,13.456061,17227,14609,4948,4.7688,0.509,2043,9
2164,4207.2394,3002.92,40.156674,3794,1211,510,6.3106,0.3162,13517,9
2165,2356.4411,831.285,2.207374,1660,9219,1860,8.5025,0.8302,13800,5
2166,4895.5249,1898.6932,49.60461,5163,12454,1859,2.3757,0.5456,779,6
2167,3170.7144,3085.975,6.517671,10706,5430,914,8.1917,0.3323,3160,2
2168,631.3324,4849.0946,39.803447,16041,15211,2066,2.4256,0.9473,6396,5
2169,3380.891,3638.1584,19.738826,4271,8690,2967,6.8,0.8451,1747,5
2170,1625.5268,4613.0196,24.61086,13287,12722,4890,4.3637,0.9826,5975,7
2171,3431.6391,3811.0627,44.032541,3604,9886,3838,1.2353,0.6922,5151,0
2172,348.215,2958.5889,20.645618,13773,8183,1597,7.1712,0.3782,12133,3
2173,874.4154,960.1249,26.874734,17601,8917,4443,2.2558,0.2809,421,0
2174,4278.6877,3333.4316,2.465078,2292,376,1056,1.8486,0.6633,10044,7
2175,1135.9055,3116.9016,0.117473,13124,18071,1024,3.6474,0.9808,2109,1
2176,4185.2073,3012.3498,12.240069,3812,5013,3205,6.5676,0.6267,4675,7
2177,1396.3876,2448.9344,34.029187,13348,16641,576,2.4166,0.8816,5346,2
2178,3214.4131,2643.2877,6.063333,13852,19985,199,1.9182,0.3291,3997,7
2179,3470.7559,1672.2193,5.688187,15514,51,1366,0.1985,0.407,6083,5
2180,2563.2786,2596.5683,20.548089,5143,6591,1999,4.7693,0.9063,9551,0
2181,1526.5603,987.7876,32.391887,12195,7438,1017,4.3436,0.7569,3911,6
2182,1063.2298,4025.8739,35.603628,7527,15163,3619,2.4153,0.9814,2627,6
2183,165.9564,928.8929,8.922616,19363,16979,26,0.6312,0.7748,10880,5
2184,1519.739,424.8406,3.979499,13514,13106,1559,4.3496,0.4485,12399,0
2185,3265.8174,2181.2358,47.019858,12085,4732,3725,7.9032,0.5311,491,4
2186,4691.5247,3291.5406,13.033393,13350,3874,3459,7.1813,0.9005,9488,0
2187,4356.0237,2188.5897,42.66734,15069,11629,3357,8.6219,0.5516,5933,0
2188,3830.3262,1383.7779,43.174586,4596,9265,2368,0.1949,0.2554,10274,5
2189,3942.2388,2790.8603,38.626152,15403,5749,471,9.6676,0.4356,14548,7
2190,3324.9279,1735.0182,8.441763,9956,1477,2468,3.48,0.5163,3372,0
2191,1301.4417,4664.3391,41.090091,18555,8033,4747,9.9049,0.0967,13685,1
2192,4535.9761,4613.2265,38.462551,13997,3021,886,2.6009,0.7438,10365,4
2193,3353.6649,2511.8641,29.83619,19406,12685,876,4.7682,0.1094,11367,7
2194,2802.2076,1639.4267,16.860168,1186,10923,942,3.6039,0.4049,4065,3
2195,554.9562,3685.6647,13.125504,3286,15387,3042,3.622,0.8046,5838,4
2196,2235.2832,183.5744,6.094548,3448,8067,572,8.4386,0.4676,11946,9
2197,2301.7968,2373.8503,25.487902,10663,12090,4150,7.4895,0.842,4990,4
2198,4322.8194,1681.6236,29.263085,4900,13409,605,9.9223,0.3419,14667,2
2199,2733.2456,4602.6802,17.967014,16061,8168,4421,6.1738,0.9576,12022,5
2200,1902.0089,60.025,23.768006,1936,12817,3530,4.6862,0.2095,5972,4
2201,4884.0019,2764.0789,18.175787,9446,2234,4981,0.9917,0.0383,10142,1
2202,553.6119,3703.3205,32.050339,9275,8118,4361,9.966,0.8724,3381,9
2203,2112.7479,2425.0951,45.06297,10336,14551,382,5.5602,0.7522,5690,3
2204,210.133,427.0243,8.196097,17670,6360,1237,7.0347,0.232,8604,3
2205,3699.5232,4862.3072,19.070502,8546,14365,2381,4.1267,0.9847,9615,6
2206,4590.3836,2590.057,7.043516,7480,4198,3780,5.5224,0.5023,11174,6
2207,1400.1938,3070.9351,31.247226,5256,10294,2106,9.4315,0.9511,7474,8
2208,4291.7098,1183.0565,36.443553,18270,9333,1518,1.7476,0.505,1677,9
2209,1461.0982,2417.4956,46.595643,5063,616,1534,2.9945,0.4719,7791,1
2210,4553.8517,2145.7532,13.943668,7067,12845,3295,1.6054,0.4491,5283,5
2211,3769.812,374.4885,47.510565,10713,12402,3441,7.9429,0.3349,9839,1
2212,4024.5358,530.8107,3.163227,15992,17951,3490,0.7142,0.5337,2712,8
2213,90.0426,4187.3642,30.150733,3023,9169,3946,0.9082,0.4526,12152,1
2214,4814.0522,1199.1074,2.85673,1548,9509,4643,3.0551,0.0367,13377,5
2215,3633.3577,974.7994,44.68872,12211,15555,871,5.1905,0.2604,9432,7
2216,1523.7624,2524.5622,26.4905,4205,2340,2151,4.1221,0.2131,603,5
2217,4146.975,3843.738,33.467451,7591,16247,3233,0.5437,0.8674,1938,2
2218,1407.6132,309.742,41.578713,1369,8110,3232,9.5792,0.5989,8122,4
2219,4363.7705,2884.0438,7.515616,11530,10289,3767,9.5334,0.7637,8218,3
2220,562.9108,596.061,1.929674,18142,13318,4961,2.8656,0.9568,6813,0
2221,3518.4329,182.3149,43.944069,15946,16763,3208,7.3421,0.644,12872,4
2222,2703.497,263.7292,15.74673,9710,3466,4494,5.8279,0.9826,1068,9
2223,482.6814,4170.8222,6.449032,13645,18656,4488,2.451,0.3118,13402,4
2224,1209.4767,589.8712,23.423115,4918,17392,3827,2.6955,0.1863,5253,6
2225,62.0301,225.7664,29.915344,19869,6801,1613,4.9624,0.4033,13473,6
2226,2343.8451,2189.5051,1.548627,11878,16494,1078,4.2504,0.4708,5864,1
2227,1506.3333,4219.9689,13.744855,13225,2772,1301,2.9832,0.8954,380,3
2228,2991.7914,1312.0493,1.64009,3053,3884,2159,8.0944,0.5599,9477,0
2229,1486.1961,2108.5689,21.016827,8383,2601,2272,4.8665,0.2922,5503,4
2230,1499.6026,199.6223,44.755012,17317,5519,2530,6.583,0.7426,12657,4
2231,3715.9686,2245.3981,49.132622,7241,19628,3261,1.9738,0.5058,3183,3
2232,240.7237,2888.0696,31.852414,3239,17390,364,5.3817,0.1621,3748,9
2233,4514.4759,2854.5396,8.081969,10408,16690,846,3.248,0.5768,5197,6
2234,4261.3208,1662.1401,45.292479,566,15924,3033,5.3115,0.9114,10449,5
2235,3339.0267,1577.6727,25.81244,5559,5702,1328,7.8302,0.8426,5133,9
2236,2966.1119,533.127,7.68755,16376,959,3163,7.7122,0.5868,6041,2
2237,4461.5136,1833.9979,46.086341,17128,7596,392,3.6068,0.3771,13882,1
2238,926.659,497.4823,37.873477,11104,3539,3256,6.9733,0.087,14210,3
2239,394.855,3832.9821,36.58529,15175,18015,2060,9.4188,0.4696,12120,8
2240,1197.5585,4831.3718,35.459064,8723,9984,3238,6.2941,0.7521,4121,9
2241,3972.8934,4850.3726,10.017071,8754,2604,2047,1.5693,0.3603,8738,4
2242,173.361,4325.3568,10.550413,5630,13468,4242,6.8291,0.2354,5260,0
2243,2914.0383,3003.9647,34.414681,6319,206,1306,1.1386,0.9314,8467,2
2244,4977.1876,3504.3315,10.986216,302,12443,2895,8.7339,0.8216,11634,8
2245,4278.4819,1426.0362,21.933641,7507,5692,2033,5.2149,0.6383,10462,6
2246,2607.2332,3153.8558,39.100113,8702,6142,765,3.9129,0.1368,11301,2
2247,318.2139,2278.2532,39.197648,6963,19530,499,0.6644,0.1449,2923,0
2248,4156.8693,2410.0919,22.663143,5430,19505,3369,3.8698,0.1032,13441,3
2249,2994.8966,3788.8852,39.609518,15867,6729,2945,9.0417,0.6163,3388,8
2250,574.6738,1409.599,41.931106,7249,6031,3805,0.3077,0.1156,5443,6
2251,469.2955,1590.2049,32.738822,19830,16563,4214,4.799,0.8426,5553,4
2252,4548.135,4623.2097,11.42137,2204,13384,4461,9.3185,0.993,14554,5
2253,3346.0046,281.1309,13.700662,19219,16497,136,4.0089,0.3663,10063,0
2254,4146.4357,2428.1766,15.742126,2480,8949,1101,4.3389,0.4537,4014,6
2255,4394.8957,4564.0049,5.840294,10387,9089,1872,5.8277,0.7117,5368,4
2256,2858.866,3051.8189,13.658054,435,14215,4034,4.6831,0.9372,8303,6
2257,2587.2366,2732.0399,10.47604,10231,8978,4114,1.7692,0.8941,6960,4
2258,2152.1427,1248.7284,22.766492,1707,1804,4013,0.2837,0.0576,9948,4
2259,1584.7398,1716.384,45.421887,5726,15390,205,6.1371,0.1691,12996,2
2260,2172.9855,4260.2436,5.224105,18289,18683,4595,9.216,0.7546,6291,4
2261,3869.4005,2796.0951,36.013424,3960,12271,2372,1.153,0.6889,9560,7
2262,3009.6211,2573.7158,34.364181,14522,1543,4691,2.1884,0.1332,9721,7
2263,4462.6175,497.9076,4.7878,11144,7260,562,3.7653,0.5021,552,1
2264,2216.9056,80.1506,46.128628,6826,12401,3315,8.1065,0.7808,134,0
2265,3035.4518,4818.4263,28.423653,6348,12547,3961,2.7657,0.2188,6608,1
2266,3156.5415,1884.9371,18.18634,12842,2155,2527,8.8323,0.8713,11104,6
2267,2958.4899,3016.0693,37.826954,2714,8767,2212,0.6441,0.053,10206,2
2268,3513.1718,398.5846,12.868347,11562,15750,2372,9.4155,0.7822,11455,7
2269,1187.175,3415.5746,34.675523,12788,11231,4736,5.6514,0.6158,13475,3
2270,2561.8238,4662.8342,1.985656,6513,17766,2682,6.6219,0.3152,6600,9
2271,521.133,2878.3305,41.970418,10597,5903,2807,3.7401,0.7209,13373,9
2272,1922.5628,630.5854,22.408598,19931,1223,3770,7.8417,0.7824,5125,7
2273,2438.3405,2908.6118,31.834682,15183,1502,2256,1.749,0.9339,1061,1
2274,3261.1248,3831.7384,11.061969,18688,9051,4411,0.5842,0.3678,10700,4
2275,4752.6558,2032.0886,33.853718,3222,16209,901,4.0156,0.686,7385,5
2276,3003.2593,4399.1899,38.612037,1083,3575,1751,8.5516,0.6026,14049,0
2277,3717.9721,3243.4183,23.660712,8638,3730,4900,7.5738,0.5252,10215,0
2278,2531.3352,4496.2456,30.886384,13124,11158,3296,5.2198,0.8904,14040,8
2279,3170.5238,3117.5303,22.816351,13043,19576,3160,5.7642,0.0032,2187,4
2280,354.6704,656.4485,44.704579,14134,7477,1453,1.3859,0.2821,2666,3
2281,1271.9654,1548.4655,24.893509,17977,17946,1244,8.4227,0.5383,3171,0
2282,1809.2718,1008.9827,42.090451,5609,14963,2323,7.8909,0.1783,10920,2
2283,2362.4721,4544.1334,40.067623,5527,2523,1671,6.5991,0.9079,11528,3
2284,228.2533,3802.0027,20.5253,6473,2392,2028,4.7153,0.6476,2647,4
2285,700.1291,3381.9951,11.504302,2776,19060,1769,9.6481,0.4779,596,9
2286,1384.0788,1504.8386,20.304166,15829,18568,3664,8.8024,0.8147,4107,4
2287,4857.6637,920.232,41.310886,12009,12075,2303,6.4799,0.4509,10567,9
2288,1656.7417,3782.2579,11.381704,17975,11797,1170,3.7808,0.5587,5818,7
2289,2410.2105,2370.795,26.221865,15056,2079,4711,6.2184,0.0028,3422,2
2290,980.4966,1128.9555,40.304857,18616,12270,2433,5.7969,0.3657,14715,6
2291,3053.9042,3083.1137,17.673938,5119,14363,387,4.003,0.1388,2279,5
2292,1403.4233,201.6789,32.110518,7961,17505,2431,3.1361,0.6897,1165,9
2293,1034.9708,1630.858,12.281654,17946,12961,3349,4.1294,0.479,618,9
2294,2582.868,2342.7903,5.464061,12465,10716,1406,5.7817,0.3018,13053,9
2295,27.5389,739.8002,39.719232,7597,3371,124,4.3385,0.4678,12337,5
2296,38.3301,4923.2725,4.948521,7241,1909,3998,2.7094,0.2096,451,9
2297,1095.3519,1045.4947,13.569143,4943,19905,3453,7.6335,0.9251,9991,8
2298,183.6164,651.7743,42.755486,19623,4308,3897,5.3615,0.054,12779,6
2299,540.1377,1017.6823,17.32353,13537,11298,1625,0.77,0.8654,7373,6
2300,1694.3099,3845.308,48.65227,1601,16882,1182,3.7463,0.5114,1893,0
2301,4012.9304,2127.534,48.986719,5701,3588,728,8.8606,0.6189,5529,0
2302,2860.2475,2827.084,13.413874,6072,12386,3885,7.5768,0.3026,2455,8
2303,2563.3435,105.0556,2.049007,10249,2414,3671,3.3001,0.9667,13363,8
2304,1467.4512,172.1662,35.253194,12524,10953,1142,9.388,0.2819,10415,9
2305,4658.7693,2229.1333,22.54938,17094,3458,2376,0.8584,0.5889,3809,2
2306,1985.0812,4083.278,5.037732,19356,8465,4032,9.6162,0.9934,9477,7
2307,435.473,4426.1955,35.37617,17178,1151,359,2.5325,0.8811,10720,8
2308,3085.3364,433.542,1.558842,19484,14538,3743,0.19,0.5363,1758,0
2309,569.2008,2691.8201,43.509848,11048,7455,2845,4.3947,0.9904,223,2
2310,1726.1223,4566.1493,6.932713,5766,14786,4539,3.6538,0.7014,12557,5
2311,2537.0646,1939.8699,6.365681,27,11582,2212,5.437,0.2087,6954,3
2312,4371.1139,4147.8309,8.783697,6694,19,973,7.9881,0.4056,7037,7
2313,2467.738,668.4869,48.013322,19486,9809,361,8.4401,0.3345,9093,8
2314,3511.2968,4676.9731,34.658499,6610,19563,2633,4.0722,0.344,13207,6
2315,4964.0843,3757.1191,40.068597,9315,16369,3191,4.3555,0.7605,2366,0
2316,657.4543,4706.6726,19.88181,16259,5578,4949,1.567,0.5843,12673,1
2317,1373.6649,3383.0894,16.815703,5310,4082,1625,0.5707,0.0381,1610,0
2318,1972.8864,1817.026,11.724277,12,6455,3929,6.448,0.8774,12914,8
2319,2109.1467,4690.9065,24.032453,15390,8934,1757,0.7379,0.2968,11483,3
2320,2055.1113,1377.8411,27.591481,13672,2672,241,7.3649,0.9971,7222,9
2321,4538.0559,1660.8693,31.588779,5775,10972,4762,5.437,0.9542,1224,7
2322,3570.1661,3504.0451,12.855999,16564,14971,976,2.066,0.9405,1908,4
2323,3039.53,3826.5838,47.432709,797,6388,4319,5.4413,0.8111,14979,4
2324,1546.8705,4647.0181,8.488008,7280,6834,2314,1.9117,0.2206,9555,4
2325,4118.9537,1024.02,48.282662,7189,19009,1306,4.4435,0.5326,10944,4
2326,4775.303,3989.9922,0.742905,2025,515,788,8.0156,0.2243,5811,2
2327,4105.9932,3692.7329,24.056336,7667,207,2429,4.673,0.2597,12162,5
2328,7.8355,318.9821,16.668459,3218,948,556,1.5721,0.611,6449,0
2329,3182.0105,1936.1218,22.456226,6585,10634,2110,7.2659,0.0408,7967,7
2330,255.6864,1413.8345,28.533272,5286,15381,4943,1.949,0.9695,14064,3
2331,1288.0435,1522.4591,21.779514,7371,18213,2650,7.4116,0.9187,9461,5
2332,297.6329,4914.7346,20.742401,17904,6862,1560,4.8456,0.3808,4938,1
2333,3018.9812,3213.8906,36.636197,6857,6095,4236,4.592,0.5154,5749,1
2334,3432.9527,3588.3836,34.293845,2433,6346,1364,8.5292,0.4661,1232,7
2335,572.447,4883.0884,41.663581,4867,18552,3960,7.1152,0.8822,12261,0
2336,1919.2006,1886.0151,12.498024,13567,13961,590,0.4258,0.6886,9940,7
2337,2281.188,4009.2028,30.476465,5055,6533,1750,3.0321,0.2781,10751,9
2338,1845.2714,2172.6605,29.259781,9109,5944,541,8.7221,0.4468,13571,9
2339,605.1338,4347.6697,18.486954,18455,14570,2423,0.2814,0.429,14499,0
2340,2094.7448,903.2959,24.302928,1782,9849,291,5.498,0.9593,738,8
2341,3755.8927,4738.4314,15.689176,17901,8794,2091,7.3055,0.1753,4437,0
2342,355.0476,1093.8664,7.092306,11063,5440,3936,6.2564,0.0896,2980,3
2343,400.9093,1631.1093,10.690139,11775,1204,3959,7.6293,0.8806,10144,8
2344,1773.8629,3780.9636,5.275772,15959,9584,3860,7.2843,0.8967,9974,0
2345,4708.6291,1968.7818,34.15351,19675,14412,1256,6.9511,0.8717,530,8
2346,3342.8665,3041.0608,33.036404,9639,13118,8,8.2332,0.511,12322,7
2347,3393.353,2222.8731,47.530324,1380,7387,1658,6.4923,0.6597,7142,4
2348,1809.6063,3711.8523,36.483948,9676,3132,4579,4.0839,0.5634,4419,5
2349,2968.308,1141.664,2.602387,10267,19051,4429,4.7719,0.0694,9397,4
2350,50.6658,292.2994,44.21227,17185,16934,1257,7.1956,0.5958,1987,3
2351,3180.4839,1499.654,43.133772,15196,17629,3951,8.7754,0.0136,347,9
2352,4566.4356,2371.5486,22.166072,10930,12079,1040,2.795,0.325,5826,3
2353,3062.8712,840.1086,29.293194,5268,6206,2117,3.4866,0.9323,1216,9
2354,4368.4942,1773.9929,48.803919,19880,13870,685,9.3143,0.304,13891,7
2355,3619.868,1999.9211,26.615265,3258,659,4019,5.8273,0.9398,10961,7
2356,602.8009,286.9686,45.266101,12070,14383,1798,1.8717,0.2501,8046,8
2357,4512.2675,2916.5404,4.15203,982,12123,1825,6.6706,0.3146,5799,2
2358,332.2286,4421.7183,9.552674,10669,11060,3535,9.9085,0.6284,245,9
2359,2669.842,758.723,22.037803,18473,13336,63,8.2522,0.7616,10918,7
2360,710.6942,2989.0441,29.237882,19337,18076,261,7.4828,0.5014,14120,2
2361,58.5429,3323.6994,40.811411,11657,10418,3572,2.1597,0.8821,7059,1
2362,2110.1771,2096.6792,49.413107,18511,11259,3193,8.7738,0.0402,11244,1
2363,1475.2106,3505.4909,19.442636,8064,10140,4954,5.3053,0.9222,133,8
2364,2430.0076,2053.6636,2.370877,18976,9558,1489,8.904,0.1963,1371,3
2365,2886.0037,2523.1914,40.058595,9666,7736,1131,3.3653,0.8842,10289,4
2366,218.7049,36.7751,30.219076,19707,19515,4276,0.7143,0.4009,1088,1
2367,615.0252,3458.6037,9.927223,6438,17352,355,4.8122,0.8328,9840,8
2368,2793.2164,3306.7168,24.741473,10376,17789,2775,2.7714,0.6717,10084,6
2369,1715.8433,192.014,37.115538,2862,9948,589,7.1808,0.1759,9913,2
2370,3645.8701,1841.2569,38.520612,12843,15545,605,9.5754,0.918,13416,5
2371,3261.4617,4895.1594,24.980971,18040,14796,2229,6.9406,0.2455,4003,6
2372,4228.0234,2103.6886,15.260796,18140,19353,174,8.8806,0.2441,10453,5
2373,3462.4672,2509.732,48.687132,6228,1580,354,4.5849,0.8142,13829,9
2374,2149.6611,4549.6517,33.168164,11425,10988,3291,7.7392,0.1059,8311,9
2375,3364.8364,3586.3122,20.411935,9644,5993,434,8.4461,0.222,2904,5
2376,1376.9131,2910.3548,14.023233,10311,51,2953,7.1377,0.5037,11001,7
2377,1531.5744,3989.0254,36.555176,18952,6453,259,5.127,0.8305,6823,7
2378,3944.9279,4321.8327,12.109248,15234,5154,868,6.2961,0.1475,895,4
2379,2232.1031,2284.4458,8.585582,13201,15341,2607,7.035,0.5477,1266,3
2380,3991.9037,2375.5471,26.491741,19508,13901,3646,2.6055,0.7112,6424,4
2381,4112.1136,1930.2608,14.499441,10533,14971,596,8.1148,0.8606,14760,8
2382,4287.8131,4833.531,31.445294,9681,2788,394,9.5082,0.9356,363,9
2383,4583.177,3485.8343,5.897022,10620,13382,4432,4.7059,0.7846,7165,5
2384,2154.9318,416.1245,32.74709,7151,15590,2111,7.0406,0.6528,9966,2
2385,1594.3409,4314.7995,14.164898,1767,15840,3865,7.3966,0.4336,14029,2
2386,2910.9979,2402.8049,0.012247,3550,2156,4140,6.6563,0.1121,8506,0
2387,1855.8684,343.7788,6.34689,18694,7020,2201,5.5164,0.7097,5633,4
2388,3005.3748,2748.5908,46.680776,9635,7608,3998,8.8283,0.9927,1707,5
2389,3527.9323,2085.8272,43.367745,1977,10929,3854,4.5444,0.7368,7335,7
2390,3442.0282,4388.7482,11.680528,15561,15658,4950,0.7049,0.0167,11658,8
2391,1872.7707,1019.981,38.918617,12166,8599,3755,8.4611,0.4963,6914,6
2392,834.3093,4132.3248,30.428619,2491,11572,4371,6.7724,0.6146,13375,0
2393,2152.6524,2788.4479,48.545238,11996,16207,3430,8.5077,0.6897,12560,6
2394,712.9793,273.061,18.680346,12020,11888,4522,1.4716,0.7197,13349,9
2395,4450.4863,4859.2268,34.073062,7426,15029,4579,0.4045,0.5581,9982,8
2396,1729.3938,2563.0811,3.17688,12858,15976,214,9.3503,0.2234,14679,3
2397,772.3072,1454.3914,19.812428,8690,13840,2127,1.5625,0.9422,2394,6
2398,127.2485,2347.0395,48.190887,3977,13920,139,8.1156,0.6967,11803,8
2399,3229.1155,4289.2903,26.94909,14206,5413,4194,8.2498,0.2368,8127,0
2400,3184.5152,1524.5226,14.394046,705,4500,3961,7.1162,0.3223,3695,9
2401,1703.0274,963.3901,6.013636,5453,4910,664,1.3995,0.9219,10473,8
2402,358.5687,645.3649,35.176447,12850,15479,2833,6.7072,0.8875,990,3
2403,2048.1504,1489.304,32.242838,6095,11095,1074,8.902,0.4051,14912,7
2404,1556.0944,3900.2426,18.696998,3682,19647,4575,4.3128,0.0383,3681,2
2405,3385.6064,2358.1371,47.547072,18301,19374,4023,4.1938,0.0485,10656,1
2406,3028.9002,1137.4157,1.110238,9567,7655,162,4.4843,0.2839,9097,7
2407,1822.975,830.9333,15.186262,7502,15983,1501,0.9145,0.6291,6411,7
2408,1089.4706,1663.6541,46.053482,1846,18609,3179,8.9311,0.5842,11237,2
2409,4940.18,4699.6225,16.04684,6414,2921,4491,8.7049,0.6338,3398,7
2410,2270.0136,1715.1401,12.612716,7991,5616,4897,9.9793,0.7173,3998,5
2411,3441.3743,4940.6205,26.711067,9629,4316,186,5.8933,0.019,13032,9
2412,702.7734,2426.1574,41.190105,13231,12461,4654,7.5368,0.1051,911,8
2413,2427.9536,895.8278,5.157428,19475,2784,1981,2.1065,0.3595,6587,9
2414,137.6933,4455.7015,47.151041,17755,9606,4542,6.7085,0.1549,10800,5
2415,2527.2805,2301.7823,39.753665,18313,12790,3989,6.5324,0.0753,5982,7
2416,4820.0874,3548.3596,9.062595,1637,11841,830,9.022,0.641,9938,1
2417,1921.0397,4918.5581,35.600427,18228,19193,3520,8.3248,0.8153,2124,0
2418,194.9897,250.8862,19.247998,14708,3332,3512,9.3908,0.7526,12535,9
2419,154.7886,483.4818,20.114794,17216,18563,3329,8.7015,0.817,1852,9
2420,1939.9399,3602.2865,39.164526,5539,17182,3349,8.7001,0.6659,14916,1
2421,800.1331,1409.1322,48.139244,10318,2847,2486,0.7309,0.7353,6457,3
2422,116.7702,921.5151,6.332881,12455,930,4612,8.475,0.2718,12864,9
2423,3781.0705,196.819,21.03157,15450,4819,1226,6.114,0.993,11958,8
2424,2292.6205,109.2433,24.047132,8456,19476,4852,3.8664,0.1832,1616,6
2425,1446.231,3872.4303,18.815653,15060,2263,2845,0.6595,0.2145,10583,8
2426,4500.4169,672.1758,18.15952,15631,12776,2734,6.809,0.2889,10955,8
2427,580.7036,2338.6084,2.613528,1287,7550,4421,3.3492,0.9753,9398,8
2428,4779.5946,3029.488,34.276962,1530,19865,3997,4.731,0.9883,4027,7
2429,1569.8404,2141.7647,21.810777,10001,19727,2671,6.8491,0.7949,13272,5
2430,4442.0195,135.543,9.739771,6656,9410,4783,9.1266,0.6291,6870,9
2431,3014.7184,3917.5097,40.801694,1878,9657,1499,8.2718,0.5201,10872,6
2432,4133.5385,52.576,40.128057,9942,4175,1689,4.5609,0.9706,2447,1
2433,4920.066,3809.4519,24.319633,18863,4771,2448,3.9391,0.6956,3313,0
2434,1442.0343,4466.5235,14.922603,13056,5834,868,2.4738,0.9447,8015,4
2435,4805.6778,2164.2053,31.904672,16485,18678,4313,3.787,0.3166,6858,7
2436,1947.4156,2677.717,14.407678,3088,2046,3009,1.1994,0.3338,5020,2
2437,1927.5657,2384.9222,11.800473,5829,1038,3525,9.7139,0.8547,12580,6
2438,1701.9421,1946.0492,36.52576,18676,6243,2013,5.7818,0.1499,10294,4
2439,2707.0426,4437.1238,2.016358,17078,9652,240,1.3653,0.9459,3217,9
2440,770.7337,4469.6686,4.738514,5407,12322,48,3.5928,0.5075,5476,7
2441,2768.5619,1679.0885,0.339508,11433,6163,4050,5.5157,0.9264,3670,5
2442,2708.5286,3075.3526,7.647244,3492,4074,3458,5.3756,0.3368,11223,5
2443,3809.5114,4634.5385,3.449594,13359,17668,3280,0.4515,0.716,2525,6
2444,4168.2515,4810.2929,49.790119,13355,16036,3229,9.5133,0.4829,12310,6
2445,2202.2123,2544.8001,14.44057,3393,6733,1249,2.8262,0.6268,7499,3
2446,1511.6732,2264.1295,7.463486,2269,3488,1168,0.2602,0.5044,13604,9
2447,1296.6819,1393.4788,12.049889,5633,2185,3491,0.8568,0.9671,11500,9
2448,973.1272,4794.3598,46.806285,3784,13891,4971,5.8439,0.6921,13341,9
2449,288.2473,714.0801,26.008059,14480,19572,1898,1.4641,0.2513,10935,7
2450,1712.2465,2899.1521,18.240968,15388,9418,3537,0.5131,0.9097,1962,5
2451,1351.2458,1412.7585,43.669586,5970,5496,2180,3.8583,0.294,6304,7
2452,4832.0873,1395.0487,19.749574,8982,18682,4721,6.2653,0.3716,13198,6
2453,2788.5486,2024.8489,16.750495,8851,14782,1971,1.2072,0.1021,4626,0
2454,1736.3917,4993.9647,10.364205,15173,7098,4697,3.2019,0.9,11814,3
2455,2902.3422,274.841,18.889903,17403,8470,2721,4.2358,0.2861,8293,6
2456,695.9921,2892.7133,15.834286,18338,12400,2382,1.6787,0.2589,9506,8
2457,2220.2243,412.87,33.86523,3658,16203,1944,5.1101,0.9203,3449,1
2458,3131.1753,772.6126,14.479206,18681,19929,3147,0.9436,0.8055,3245,4
2459,2444.4943,2197.8203,28.86003,17159,10986,3484,0.5605,0.1411,14679,8
2460,2008.9,2552.3056,3.294702,19196,6832,3697,5.2464,0.7693,6048,8
2461,4969.242,1293.9695,9.564539,9573,16776,2826,2.5542,0.913,10094,5
2462,4401.575,1582.2925,20.370323,3183,969,1828,1.0442,0.0785,4675,6
2463,3117.0336,434.8442,46.847469,12980,10383,223,4.2967,0.8252,1215,8
2464,2846.8911,1516.1059,18.862662,7868,5152,1747,9.1599,0.5474,7607,9
2465,3103.3062,4832.7925,33.20374,15156,10819,530,7.2695,0.6692,3627,7
2466,1006.5685,4723.5375,12.754436,13007,19692,134,8.1746,0.4929,8982,9
2467,1975.6948,1674.3981,6.351766,4330,10793,3804,8.7319,0.6978,9559,5
2468,197.3073,2854.274,2.926924,3098,6126,4487,9.729,0.0341,7876,5
2469,2377.7354,4547.9779,15.270744,1405,4371,102,7.6561,0.7627,6269,6
2470,2715.1275,30.9291,7.883136,5102,4839,3724,6.1232,0.0333,13920,6
2471,1138.7564,4053.4197,8.700605,1370,16176,2729,3.7177,0.4553,6813,1
2472,4820.1446,4741.8483,38.037989,6666,3135,2546,1.8983,0.151,11816,8
2473,4547.274,456.6378,0.792002,18449,12692,2559,6.8979,0.8236,5480,3
2474,3610.719,807.2468,27.890551,2766,10432,3042,9.95,0.3137,8695,9
2475,2666.9378,4803.7319,18.973131,19202,11557,2001,4.7269,0.4541,173,8
2476,4349.8471,2687.7053,25.327549,717,1055,949,7.2644,0.4288,887,9
2477,653.2704,70.993,28.141556,13851,2670,1569,5.0014,0.7725,9610,2
2478,3952.5511,1288.1674,15.668453,1712,16660,4937,4.3761,0.4811,11725,4
2479,624.1128,2249.7239,14.755513,6262,16082,2054,4.162,0.789,6264,4
2480,3971.0554,3464.5476,36.670119,16393,12939,3006,5.0958,0.0735,4369,6
2481,1378.8451,3665.8046,43.563862,6087,5718,194,3.7323,0.1916,11622,3
2482,4385.4541,4977.1076,9.629162,14363,12283,742,7.5129,0.5515,9602,3
2483,4720.211,1437.5631,4.881028,11224,14892,3907,8.7553,0.9471,7057,0
2484,743.9884,2691.1051,44.889801,16221,9298,2960,8.8406,0.0748,11116,5
2485,2313.3834,2666.6224,17.494838,13393,14202,4569,2.3542,0.0431,4954,3
2486,4904.9371,2028.2322,27.565914,2247,16290,2264,8.9695,0.1566,10103,9
2487,2417.0423,845.8178,17.977221,2823,12874,3421,3.4814,0.6412,14246,9
2488,4317.739,4887.283,6.290204,17235,16513,2924,3.1621,0.399,261,4
2489,2943.6617,4266.5874,29.466623,17492,19953,3255,7.2949,0.8256,3353,8
2490,1876.6558,2491.6702,26.25709,16684,13449,3240,3.1165,0.0719,1353,3
2491,1428.9249,3016.2311,10.149758,9670,15199,3866,0.6244,0.1964,5244,0
2492,1016.1234,1136.313,22.593507,1083,7623,38,3.7988,0.3,9692,8
2493,3808.9933,2718.9399,39.847396,11149,8081,1699,7.2425,0.6267,12566,4
2494,1932.7087,3474.8537,29.521346,8168,2403,4567,3.3369,0.6852,10333,9
2495,2556.3822,2575.84,4.845957,9558,18032,4027,6.3326,0.1242,3007,6
2496,2461.6325,4951.426,27.40112,19185,3557,3214,6.6352,0.9438,11811,2
2497,2886.3994,3056.7122,35.136945,11729,2194,1784,7.364,0.341,823,3
2498,4327.8871,1854.8749,39.635191,3952,10240,1967,8.9816,0.7132,14464,9
2499,4903.6969,3860.7624,31.455916,14678,19489,103,4.3824,0.5242,532,8
2500,2037.927,852.3209,7.632993,15970,18519,42,1.7477,0.2228,2821,9
2501,4137.5963,1922.5852,35.508692,8968,19998,2995,3.2574,0.8462,167,0
2502,3822.6413,1734.8013,33.867125,6769,8584,3219,4.3785,0.8182,4927,4
2503,2867.649,2159.0412,1.221442,17837,18664,2991,7.1675,0.3961,12524,7
2504,4780.2362,3908.9013,20.587442,18066,12876,4289,0.2299,0.5886,1056,9
2505,1002.3806,2420.8703,16.647579,14040,10687,3370,3.2263,0.2578,1255,6
2506,546.33,3970.0743,33.470636,2304,17537,1062,7.8204,0.6899,4287,3
2507,4269.8113,2882.4488,10.806869,15164,1295,2550,6.7415,0.309,8010,6
2508,2195.7547,1710.3538,29.543637,7158,15449,1677,7.3442,0.8441,4008,0
2509,4234.8458,4049.8956,45.660307,18236,10368,3690,8.1369,0.2174,14993,5
2510,4465.4521,1191.456,39.890139,18282,19630,3998,7.854,0.0148,12901,8
2511,312.2973,1121.9227,46.072895,16130,13338,326,6.8536,0.2685,7759,2
2512,4417.325,2522.5196,48.9253,9520,6655,1121,4.4526,0.1911,9724,3
2513,2241.6008,1304.2536,0.533605,245,19323,108,9.8376,0.5083,11721,7
2514,2552.1673,45.4451,31.137102,8949,19011,2679,5.7338,0.2037,14591,4
2515,3132.9663,3241.4912,20.642029,9016,17334,335,2.1074,0.7632,12235,4
2516,4631.9138,2555.474,42.992739,11020,12694,2040,2.9988,0.2414,14012,0
2517,95.5903,2227.5946,12.59081,2780,9242,804,6.9663,0.707,9165,5
2518,2384.2226,4834.8429,49.051476,18231,4076,1849,9.2549,0.5785,7890,1
2519,3438.6133,2856.0002,30.685437,13724,12652,767,1.8693,0.9862,12017,0
2520,3613.5376,4317.1593,39.676891,12804,9276,3528,0.9152,0.9999,4745,5
2521,3462.6652,697.2598,4.280069,16858,12839,2307,8.8272,0.8695,8298,4
2522,672.1843,2846.0366,9.172976,13699,1659,2830,9.1613,0.76,9797,4
2523,1496.9849,4339.8995,37.920208,1793,6933,1489,2.8362,0.3865,11966,8
2524,1793.584,2915.533,1.099424,15377,14249,4130,3.8351,0.7533,4288,9
2525,4022.188,3590.0737,40.843918,18119,6960,3567,6.6359,0.9567,1003,9
2526,1393.8066,1860.2241,0.69755,13118,18202,2374,3.3663,0.0234,13590,2
2527,1053.5327,462.2567,32.855976,7216,8383,837,8.7839,0.5379,13856,0
2528,4787.2405,2289.5069,18.25476,5189,16845,3310,1.165,0.218,14511,7
2529,44.3263,1972.403,30.574781,16019,15000,3613,0.476,0.5579,14082,4
2530,4989.1043,4335.3022,34.801601,14702,6377,4835,2.164,0.4664,12923,4
2531,3384.1097,1219.9841,17.123827,5282,18906,2792,2.9323,0.5758,85,7
2532,4142.3482,4833.6715,5.398212,945,3477,4213,1.218,0.551,14300,7
2533,1473.104,4790.691,3.482386,1512,19090,3984,0.7503,0.9601,2996,1
2534,71.5862,1238.1657,29.446842,12719,4367,3769,7.5805,0.5522,13016,2
2535,3689.3502,1740.2663,26.032816,17243,16207,1505,1.7263,0.8462,11480,9
2536,4170.7246,4477.7797,37.110076,19945,12459,2451,9.1478,0.3198,5157,9
2537,3702.3833,4833.1114,25.486825,8370,28,3045,3.7432,0.4381,7195,0
2538,714.26,2217.2011,21.122347,12121,11165,2034,6.739,0.4704,5784,2
2539,3767.1421,1604.992,19.904419,13722,6549,1700,2.3315,0.2787,5696,3
2540,3844.6162,2630.4748,1.322442,2616,3025,2281,2.4792,0.3798,12358,6
2541,3292.706,3438.8492,16.777927,17998,1265,1308,5.7896,0.5985,154,8
2542,3830.582,1367.3798,48.80101,15630,9048,2528,5.6504,0.5802,9654,4
2543,4229.6087,3682.3685,43.677791,2841,12218,3839,7.7104,0.6364,11005,0
2544,3068.0244,258.2963,16.46897,14052,6588,976,7.6024,0.3518,6415,1
2545,443.0327,246.482,29.389811,1775,6578,2057,6.7398,0.3158,6685,9
2546,2438.1442,1931.4447,42.364853,13263,17636,4811,4.5464,0.6116,2020,1
2547,388.2559,1767.3724,22.063773,3872,12797,2427,8.9173,0.1329,9290,8
2548,2037.7211,1578.1729,0.897991,8274,3871,3675,6.2635,0.253,571,9
2549,2035.5384,2455.1039,3.725616,17230,1327,2429,9.903,0.0421,7923,6
2550,330.0586,1603.6747,25.519685,9409,9218,4940,8.2118,0.0726,8341,1
2551,1744.1092,961.2977,48.471972,3261,16746,3734,0.5387,0.2434,11770,0
2552,554.9994,1547.3547,34.660508,3146,17603,360,3.2739,0.0195,6154,4
2553,4041.178,4874.5216,3.545902,7803,606,2224,5.7616,0.2454,2692,0
2554,4738.4407,2055.573,9.468125,2264,18055,485,7.2425,0.655,7670,8
2555,361.5917,2223.5694,38.56618,8156,13004,1429,5.5483,0.0611,10302,2
2556,4775.5765,2882.7292,42.072004,923,10490,2081,7.8827,0.4367,5508,1
2557,2612.8878,4916.704,30.884768,6696,17662,696,2.8983,0.9131,10111,5
2558,1497.8354,1208.014,32.221194,5759,16783,4661,1.9207,0.7913,4870,2
2559,384.3196,3406.4137,1.41697,12577,13488,202,0.6338,0.3054,5850,4
2560,2503.1263,3579.9263,41.42653,19015,18557,3858,5.7758,0.9248,5968,9
2561,3972.5798,3036.626,39.413782,7817,19195,1199,6.9171,0.3296,3656,7
2562,3535.4353,442.9008,12.951831,7557,14734,1268,3.3289,0.0725,6672,9
2563,251.1396,3384.3646,35.433865,16226,6275,2971,6.1745,0.9941,5670,1
2564,364.5184,320.4829,10.742809,5931,10845,74,0.6164,0.87,9905,4
2565,2014.3724,2980.7173,2.016604,11634,19324,96,1.083,0.4659,2493,7
2566,1476.4595,3697.9085,10.056907,3513,13190,4269,7.0474,0.6664,9537,0
2567,1161.9293,1054.8573,8.931526,6067,17329,3478,3.7439,0.6712,12158,9
2568,1405.0297,4208.1116,16.887466,13208,10972,2203,6.7462,0.1945,9299,9
2569,4017.4157,151.7787,20.922533,14323,5966,258,8.334,0.2,11698,3
2570,4646.141,4219.0659,25.426994,2061,12622,3659,8.541,0.4696,12305,4
2571,2025.5194,2301.6506,23.837746,14014,6349,4426,1.8045,0.9116,6513,9
2572,4530.5559,1087.9475,13.533803,19419,17581,2807,4.9142,0.01,13980,2
2573,1607.4853,668.8994,1.458631,2388,17597,4257,7.3659,0.7825,8775,1
2574,2382.1902,4766.5363,30.255121,8032,824,186,7.7624,0.0575,4351,2
2575,1130.1527,363.3372,19.787302,1800,7085,143,7.8683,0.4782,6600,4
2576,3202.3838,995.4751,14.933678,2781,12456,3354,2.3589,0.6379,10883,6
2577,4894.9058,1739.1183,43.347065,1128,10608,640,2.0061,0.6868,4657,1
2578,3017.4694,3101.178,37.337191,7366,16920,3750,5.9411,0.0585,10773,6
2579,1789.0768,2724.01,42.888292,14636,14237,2075,7.4367,0.4186,13704,5
2580,3239.0908,628.2262,24.74919,7612,19395,3969,3.2595,0.5838,8512,6
2581,614.6122,1448.647,6.54665,12647,16237,202,1.1366,0.066,4316,6
2582,4443.2965,1193.7665,34.811102,7536,10820,3093,7.1958,0.1351,4795,8
2583,2515.4247,1067.7221,10.303768,14505,11970,3166,3.067,0.6636,1438,6
2584,2246.7542,2055.7276,22.061539,9365,17334,3080,1.747,0.5216,32,5
2585,2929.3281,3520.1602,3.250133,2809,11701,4568,1.5625,0.1618,715,9
2586,3123.9231,1087.2725,41.265438,13056,544,2103,3.2176,0.5352,7956,7
2587,358.8883,1833.4007,6.297119,4298,3901,911,5.9675,0.9127,9232,6
2588,3413.0893,1954.5932,45.154885,11210,11946,1572,3.6482,0.0156,409,5
2589,1209.666,4882.2829,43.211544,449,4225,3449,0.3046,0.6426,14509,3
2590,3569.766,4773.3322,23.229192,5009,13759,2160,1.0594,0.0737,7347,6
2591,4112.6757,4000.6899,37.218436,17178,14950,4326,2.976,0.0064,8039,7
2592,4019.7945,1208.3022,30.972292,16821,2867,2545,6.6311,0.1507,7741,7
2593,2762.5093,340.1959,40.153802,6013,18631,1330,1.0753,0.4229,7665,3
2594,2600.8543,1584.5275,21.590312,1621,18221,3614,5.6505,0.8023,5032,9
2595,714.3884,1333.9801,39.290446,13585,8269,461,1.2869,0.2818,1128,8
2596,3876.733,2529.6339,23.122895,949,12814,807,2.195,0.6257,5437,2
2597,1357.0542,3888.6418,47.048295,9320,16733,3700,1.8047,0.4112,8899,8
2598,2483.4821,4291.6161,24.318656,16576,4602,2274,0.7656,0.2343,12032,2
2599,1421.3776,4224.322,23.131017,12205,12931,59,6.7462,0.5142,11216,6
2600,669.1505,1798.3842,39.253615,11953,4334,2476,4.6877,0.7975,11852,3
2601,3147.7922,3436.1748,41.078902,17788,5400,4824,8.3274,0.8325,783,4
2602,271.6696,1564.1779,27.7245,18375,17840,1156,1.079,0.8465,5301,2
2603,3743.2287,304.5371,8.989973,1105,18570,498,1.5329,0.3386,2180,1
2604,1587.9408,3507.8293,23.387965,549,7437,4326,3.1339,0.7935,6807,7
2605,0.6835,49.1477,48.403628,11641,14948,4429,7.6821,0.2122,1179,6
2606,2555.6506,2045.9188,37.649334,7904,13962,3977,3.127,0.7384,2407,6
2607,234.2691,1646.9031,40.558149,18169,8087,1608,4.1433,0.9484,13547,7
2608,1380.855,3466.8908,1.641372,10614,3683,721,3.0859,0.0137,2808,0
2609,3534.8854,3831.2297,23.393026,17189,18231,1275,0.8942,0.4404,12453,7
2610,313.4575,1520.4801,32.331092,8991,1855,3868,9.4004,0.6478,2765,9
2611,4196.6941,4058.137,41.501651,11468,2986,691,5.5305,0.7018,14763,4
2612,19.1096,1469.5909,2.463778,4239,10818,4024,7.8995,0.1761,2725,7
2613,1234.1269,2231.6373,42.621959,19645,19279,4153,6.6177,0.9722,2536,8
2614,3704.5229,3635.0954,27.420092,4368,7497,3438,5.1911,0.6153,8405,1
2615,1581.3576,3464.6042,9.865779,5652,559,2356,0.9878,0.1643,10141,2
2616,509.4709,4936.8425,15.862829,16205,19281,750,6.4631,0.0205,4862,5
2617,1801.176,1125.8129,14.096549,19756,1255,3052,1.6382,0.7833,6301,8
2618,1351.9737,3311.5929,26.542999,2094,15668,4774,4.2024,0.0797,7857,9
2619,4213.5611,3048.4134,2.584379,4002,18066,3565,6.3282,0.1411,3147,9
2620,1566.7465,4575.4931,7.926892,7811,16079,4656,7.8441,0.5748,6579,7
2621,3944.6645,781.8191,40.634671,11273,10007,1705,6.8819,0.6035,1202,5
2622,4459.3618,3758.9933,6.630286,4555,6284,3446,6.7482,0.6869,10012,4
2623,2169.0928,2841.3474,11.66989,18902,8855,4445,1.5755,0.3935,2890,2
2624,4549.7166,1373.3366,22.668585,8698,12309,2378,3.5267,0.7739,645,3
2625,1886.5965,2372.1798,25.856093,17481,3326,3232,0.5248,0.9744,13949,6
2626,4820.3924,1668.8896,38.180548,12372,17626,2216,7.2228,0.2711,10552,6
2627,446.4567,2896.5712,22.366677,9237,3144,886,9.5306,0.703,5952,2
2628,3435.0995,4445.0042,39.493252,13770,3038,865,2.7147,0.9285,4223,3
2629,2469.0753,2846.5292,30.917354,7062,12418,3495,0.9682,0.6863,12665,2
2630,1938.2502,3158.6158,5.655076,18589,18166,3055,4.8081,0.6811,4321,1
2631,3163.5631,2593.744,7.816656,3903,4676,786,8.5813,0.2238,3089,5
2632,3519.2884,255.837,21.851743,1353,17862,457,5.5645,0.5351,8689,6
2633,21.8263,1164.3005,19.84453,1597,7149,345,0.5631,0.5625,10209,3
2634,834.7738,2460.0137,37.177239,8768,7552,554,9.7453,0.7001,8665,4
2635,3565.2331,1551.1833,29.036899,680,16491,788,8.3036,0.9968,10081,7
2636,3331.9304,908.8262,19.406715,12021,2669,1820,1.4028,0.0336,3383,8
2637,4830.2379,2520.6692,8.538097,12097,17549,705,9.2258,0.0652,7926,6
2638,3805.1913,1614.0557,11.341932,11386,14913,4908,4.5618,0.078,1161,9
2639,4753.864,1290.5456,28.775093,8510,17542,953,3.7818,0.743,10715,0
2640,3512.7055,2319.9324,21.171998,5735,2247,815,4.6644,0.1364,4313,2
2641,1490.2681,666.43,25.746424,15676,6654,1549,8.3623,0.6225,8388,4
2642,526.8336,4638.7294,8.533955,12694,11134,144,6.6288,0.3247,2249,2
2643,3909.1215,4338.5118,33.145346,19381,7650,2778,0.6866,0.4573,4462,0
2644,3220.7497,3538.1059,42.626952,7408,16896,3767,9.5803,0.2157,2767,1
2645,240.9396,531.0781,12.89705,11787,8442,4959,1.5631,0.8661,1552,7
2646,1800.2587,3879.3885,24.575762,2543,889,3826,7.4811,0.5862,2448,6
2647,4783.9995,4039.7886,48.776369,17063,9216,1217,6.3978,0.9446,5645,9
2648,2502.0107,3838.8254,16.662154,5367,8792,1808,1.9565,0.5746,14926,2
2649,2163.6514,569.8383,29.752358,7411,19407,4471,1.7902,0.1239,4310,3
2650,2288.5034,3219.5433,4.509876,9836,18915,4773,8.7162,0.1709,10581,2
2651,1044.4215,4171.6256,30.30079,13648,11076,2740,4.255,0.9891,7497,3
2652,1843.5422,2886.7712,4.48168,5542,15205,1290,6.5803,0.7256,11199,7
2653,1849.0726,3232.0404,47.961776,17219,18449,556,5.0903,0.0493,8311,8
2654,261.7846,2291.8228,35.783161,10434,9951,863,7.3008,0.7038,3497,6
2655,3837.8405,2643.5413,39.408011,10548,5414,2486,4.8445,0.4122,1717,8
2656,2082.528,171.8939,35.205248,9861,6538,4977,2.9451,0.3072,11076,8
2657,4110.9012,3194.8187,29.486493,10746,3570,2356,3.6975,0.1541,4938,6
2658,4251.7415,407.2452,22.495694,6819,1243,966,8.6049,0.8399,2915,6
2659,1059.9782,2175.0786,42.918683,14102,4330,2396,4.7335,0.0638,1673,7
2660,3286.7708,1463.2826,47.841788,5029,10488,476,2.2131,0.2898,9395,9
2661,2361.4143,2727.1443,24.951859,15799,18310,1339,9.3526,0.3064,1456,2
2662,4400.7849,667.0903,46.576759,10955,3396,525,7.9863,0.1609,14032,7
2663,1078.7112,3458.2201,29.166687,12771,16825,2572,0.6511,0.5082,13233,0
2664,3389.0692,3975.0597,26.919256,9439,19128,562,9.9895,0.0117,6546,5
2665,3038.7645,816.7806,22.724191,18157,8040,3703,6.9798,0.301,7027,1
2666,1476.5144,521.5744,10.464467,18549,8199,4665,1.6866,0.9336,12854,6
2667,683.0132,727.586,0.186083,7112,1587,1206,2.448,0.3105,3979,2
2668,3258.2023,4385.639,12.075387,19220,17210,4034,6.9552,0.3605,2472,9
2669,3692.9899,2640.951,25.486208,19050,3825,3848,7.8196,0.4732,8310,4
2670,1578.1436,2336.3103,18.99806,6114,17653,4202,2.4665,0.5617,368,9
2671,3224.1666,533.568,22.424317,2564,3437,2239,2.644,0.8087,13418,1
2672,1975.6606,3247.7835,49.032413,15890,8090,1161,3.1405,0.1903,3177,0
2673,3566.0373,4339.9993,17.513684,8499,16058,4796,6.0204,0.8717,3375,4
2674,996.0844,4140.9311,22.609202,8132,1311,3826,1.801,0.7575,6774,8
2675,4451.0761,3130.2773,6.675864,2697,9820,72,1.132,0.7227,14206,8
2676,1437.0551,376.4028,2.397982,7705,15466,755,6.8208,0.0868,3813,6
2677,1838.9363,561.994,38.770498,16443,13458,3853,7.8131,0.0216,6292,8
2678,290.4692,246.5544,28.534202,9766,478,905,5.0592,0.594,5986,3
2679,557.5699,1287.4035,38.035264,17525,8907,52,3.7019,0.8631,2198,2
2680,2579.3144,678.316,7.493225,10003,9869,2622,4.3772,0.5844,4912,3
2681,1337.9707,1300.2476,28.591481,11391,18547,3191,3.9452,0.2132,14592,6
2682,4177.4028,1925.2964,12.682198,11669,509,3949,9.6039,0.0905,10322,7
2683,73.4768,4714.9145,11.403168,18947,7320,1288,7.7041,0.6996,14352,1
2684,1895.4765,3051.8842,0.5764,19237,382,4781,2.1601,0.7218,901,4
2685,1686.7344,4174.8706,6.517123,16245,15288,1773,3.9035,0.1725,193,4
2686,96.648,3551.7604,15.463475,6642,1846,3903,5.4857,0.0282,2771,8
2687,621.8508,562.5245,5.844026,942,12563,3921,6.1686,0.4083,13386,2
2688,2068.2192,3679.6047,49.292923,12816,9911,950,4.735,0.5827,11541,5
2689,2464.328,1375.5017,15.431702,6542,4630,3139,8.1203,0.706,5181,9
2690,2021.4547,3195.5428,6.516284,15625,5705,2417,7.6993,0.8099,951,4
2691,2654.6931,1704.8165,9.954196,9967,1777,2280,5.1011,0.6105,6680,1
2692,2975.6624,4988.3613,29.385203,1422,15514,1426,8.5589,0.1109,3607,1
2693,49.629,1317.7648,3.20227,5766,18669,1585,7.5358,0.6826,14679,3
2694,2320.4812,1395.6596,43.12172,16820,15229,1047,7.808,0.9842,14731,3
2695,4817.4966,4653.362,48.074988,17224,1245,2166,9.5684,0.9056,5039,6
2696,2595.1662,123.2318,12.337446,4002,1334,4024,2.738,0.8717,258,0
2697,3387.7146,3483.448,22.504818,12648,3670,1177,2.7497,0.3022,1222,5
2698,1559.3262,3626.6347,1.10682,5249,17585,2161,8.9006,0.7508,14389,8
2699,3869.9592,4181.8945,32.035547,4960,18179,1032,7.745,0.8511,651,1
2700,3864.6097,4872.1968,20.696362,18035,15580,3289,9.2728,0.6783,10511,4
2701,2606.485,4878.0098,13.502996,18646,17839,4527,0.725,0.2506,14537,9
2702,4880.0694,326.3931,10.341935,3890,1934,1316,6.3148,0.9538,12684,9
2703,627.7598,4109.1984,32.701188,1327,747,893,1.5318,0.4508,2426,3
2704,84.7482,3231.5532,20.81091,5902,9033,107,5.0886,0.1298,14203,3
2705,3850.7934,3236.7142,8.983046,3359,6828,3081,1.6419,0.1098,14871,7
2706,4035.7796,641.7583,34.455485,1586,16198,745,1.368,0.6475,9115,5
2707,601.0449,3250.9393,28.253658,13501,793,622,0.2205,0.4377,3160,6
2708,1327.9215,4912.4131,42.933617,11561,6928,4241,6.3394,0.0945,398,8
2709,87.7716,4559.0937,5.873883,16773,17652,821,3.6543,0.7404,5302,2
2710,1466.5501,2195.6589,39.283352,15819,9743,412,1.1414,0.7993,11107,1
2711,3865.7116,199.7495,33.675872,19176,6370,114,3.2961,0.7254,5403,2
2712,2589.8075,1811.4738,5.750635,3333,14801,2447,1.7725,0.2023,7701,7
2713,1740.4845,4131.9533,34.741067,17088,19075,3347,9.4228,0.6898,561,8
2714,1858.7028,3507.4985,22.07742,2821,7875,4220,3.268,0.0107,8382,9
2715,6.7781,2296.7237,47.249245,15473,16677,86,3.4061,0.3051,8397,4
2716,1499.0096,275.5171,7.080653,4960,6865,4143,8.4146,0.3988,11208,7
2717,3232.2972,2134.4794,32.141705,17444,4023,1573,6.5128,0.8352,12332,6
2718,4870.9725,2345.13,19.099064,12367,18033,2006,7.1307,0.3904,5100,8
2719,4235.3057,4642.7784,47.840738,1302,11009,4080,6.3964,0.0113,3372,3
2720,117.9846,3205.4341,16.498812,10552,12103,804,9.4673,0.3523,14976,9
2721,4492.804,1558.2715,48.109299,4113,15343,3335,2.1493,0.4989,3042,2
2722,3915.9942,2626.5961,45.074302,12764,11111,3350,9.8915,0.949,6845,8
2723,3901.8828,330.2859,13.519235,11775,5172,1070,8.3265,0.941,9898,7
2724,2289.9842,4862.8415,40.177108,16883,9590,2670,5.9308,0.1809,5399,6
2725,1990.0325,1800.3059,49.780211,8621,18078,4142,6.6575,0.1851,713,0
2726,1514.5856,2389.342,12.633225,7246,6711,2772,6.5234,0.1634,3457,1
2727,328.4836,1776.4263,21.838915,11832,17422,4636,0.6781,0.7889,10877,8
2728,1141.1845,3412.5618,26.009085,2106,5460,4183,2.2584,0.006,6948,4
2729,1233.0257,3311.1642,14.746627,9746,14938,1409,9.6186,0.1272,4407,0
2730,2420.3905,3576.6144,0.76334,5631,9755,3741,5.3902,0.538,13166,8
2731,3737.2246,1340.7235,11.00654,3207,7049,265,3.8457,0.2476,11792,0
2732,2369.0544,1578.3492,14.096916,18954,9484,3849,7.6442,0.0924,13145,7
2733,289.2317,626.2649,22.180041,2629,17546,3094,5.2927,0.3599,10514,4
2734,4788.9494,3277.5533,8.555207,10069,17414,4799,0.2303,0.2742,7650,5
2735,4713.6222,198.9952,43.662731,13395,12450,1474,7.3888,0.5111,3878,0
2736,3925.9499,2988.4157,35.245586,1068,15355,4282,7.349,0.9792,3523,1
2737,4956.6396,4348.4807,4.260115,17891,979,326,1.735,0.1243,5652,6
2738,2722.4162,4454.1618,32.504658,19398,8710,1207,9.5709,0.3727,12819,1
2739,4813.8421,2245.1943,32.682858,15246,15761,4493,2.3167,0.932,4113,4
2740,378.0344,2296.5238,47.811063,9860,11024,1505,4.6317,0.8769,10958,8
2741,1828.4101,384.8551,0.151143,6643,16522,3535,1.2359,0.3943,4566,4
2742,1126.9141,3353.8284,12.396698,15378,11146,1441,6.0725,0.699,4907,2
2743,979.1735,4106.2989,46.389581,4067,14492,956,3.817,0.0879,5424,5
2744,704.0233,1223.2828,46.606703,948,18840,555,3.5964,0.7125,8747,6
2745,3112.072,2106.5102,36.029349,1172,7393,3255,8.2871,0.9729,10333,9
2746,3906.6115,4194.1983,38.288189,15832,11448,4140,0.1947,0.5375,4978,9
2747,2891.4962,4385.6036,4.574239,6115,19651,4997,7.9997,0.4985,14914,7
2748,734.8221,1215.9075,25.69384,172,8588,4578,5.7573,0.1873,2679,2
2749,4055.6207,2752.8577,11.579226,12819,10130,2037,9.8624,0.6338,13109,3
2750,3179.7772,962.4738,9.060984,9336,13908,1287,5.9355,0.5904,8776,9
2751,1940.8346,509.4028,40.515184,10052,5429,1198,0.6483,0.6519,4942,3
2752,3370.6547,4555.6034,6.751993,6210,2590,4662,0.6014,0.0261,7330,1
2753,1299.5323,4102.5393,23.432635,10381,3035,2268,8.8432,0.5487,10189,6
2754,1725.9676,3800.1769,46.928918,3578,170,3630,8.428,0.5949,842,3
2755,4587.43,243.8411,9.291684,8381,3240,3466,3.5243,0.2075,10568,3
2756,1452.5296,4218.6455,48.899673,4077,3416,772,6.2185,0.2083,4039,7
2757,2349.9466,2190.226,49.7144,158,19953,2457,4.947,0.2762,1805,5
2758,4450.7068,1711.9822,27.780902,7778,11409,471,9.6749,0.7117,8922,5
2759,3538.6097,2732.3863,8.50722,19102,3485,1371,9.5046,0.6063,4350,8
2760,311.0255,456.7753,15.805313,8438,18226,3133,9.84,0.8458,9656,3
2761,736.5237,3783.2352,21.224699,11096,14924,672,8.6778,0.2957,14907,8
2762,39.2179,2912.1796,15.46628,15280,6845,1175,9.1046,0.9121,14880,0
2763,3154.6126,932.9586,14.031851,19180,19411,111,2.2511,0.7437,4947,8
2764,2238.3727,941.1691,48.611488,7201,3966,3560,8.327,0.395,10360,0
2765,671.3829,921.2514,7.668326,18762,7185,1027,7.1177,0.0953,7119,6
2766,4789.671,285.0214,36.666422,14848,5381,3555,9.6316,0.257,13110,5
2767,2648.3033,2938.9964,0.020614,9042,17531,3234,5.7555,0.9568,6658,6
2768,1209.4741,4201.7425,29.809174,1811,15286,4440,0.9432,0.3104,1573,8
2769,2503.0228,87.5009,45.797159,7896,112,1473,6.0142,0.3299,13267,9
2770,3398.1049,245.0327,14.396776,18511,16144,2380,6.8972,0.1896,6241,3
2771,381.2053,2863.8557,9.27638,6954,16977,4873,2.2812,0.8069,4967,8
2772,1373.5263,4097.4802,32.584025,19415,7414,2972,4.0017,0.2756,9586,2
2773,4034.8294,1633.7012,35.630099,6324,14727,2382,6.0252,0.3303,257,9
2774,2298.3298,1748.0785,34.401557,5606,17623,3291,3.8036,0.4143,128,8
2775,2732.8902,2981.7365,15.965912,5892,5984,4754,3.812,0.4337,9575,0
2776,2164.0857,1371.0717,12.610195,3077,19179,1834,1.4176,0.4113,13468,4
2777,219.5093,133.0516,47.795944,18729,10322,454,9.4134,0.5037,11921,9
2778,828.7572,3676.1452,46.164983,620,11062,741,7.5299,0.8145,14393,4
2779,2227.7137,3128.2533,22.865885,11095,3599,2381,0.1123,0.8193,14918,0
2780,1045.9352,2903.7842,42.309709,2408,1527,2358,7.6796,0.7983,14260,0
2781,249.9046,3708.4232,22.616229,12645,7910,1444,7.424,0.1011,12844,2
2782,4218.2499,3376.1574,21.219508,3005,1970,3681,0.1963,0.7997,6868,8
2783,4905.9628,1029.4179,7.838232,10679,9144,1749,3.7591,0.1203,7855,6
2784,3965.7164,1762.4117,21.32036,19981,17887,2402,6.1068,0.1247,10893,5
2785,4268.9261,630.5594,26.870893,4040,11529,4920,4.5822,0.9479,11340,8
2786,1209.8932,649.2938,1.125314,1305,8302,3172,7.8021,0.8194,2206,3
2787,4803.1353,3380.982,22.205706,5631,2355,4241,4.312,0.5524,12373,3
2788,984.6366,4293.0019,39.067833,7283,5320,2007,1.6232,0.875,8514,2
2789,4757.1495,4813.6633,34.002335,3308,226,1787,9.7665,0.9894,10549,4
2790,4974.0965,3141.7393,31.757886,17746,14521,1410,2.4962,0.6106,13842,4
2791,3558.6169,920.5148,45.47778,6666,3012,1763,7.2052,0.6129,4380,9
2792,4905.7188,528.2607,0.901699,4295,4127,910,1.5172,0.7544,8068,6
2793,2847.7032,4064.2567,27.852424,1788,614,761,3.3572,0.2321,11306,6
2794,1297.7163,2893.7866,39.367464,1074,14083,3241,4.4761,0.1671,10110,5
2795,2184.9851,3091.4289,27.066815,3600,16483,2690,2.0031,0.7596,12149,3
2796,2967.8087,3907.3126,16.194845,15390,5459,531,4.5546,0.3449,6278,6
2797,365.4171,3516.3891,6.812615,11346,9003,1360,1.6559,0.1351,12902,1
2798,3111.7201,4172.2929,44.378165,12319,19722,3819,5.6342,0.3149,10889,8
2799,4905.8894,281.079,23.538173,16108,2700,2028,6.6708,0.3586,13716,6
2800,950.5463,3737.6057,43.905772,3056,7518,2561,0.7181,0.9652,9709,1
2801,3962.9777,4254.2653,29.292648,17044,1020,2178,8.7242,0.698,11486,9
2802,4539.4949,1430.6824,33.709638,6321,19410,1538,1.9329,0.5309,4325,1
2803,4718.5085,3202.24,40.213077,6514,15904,1274,2.3311,0.9689,14118,5
2804,4800.6784,1570.8172,32.957811,4643,19913,2782,6.6474,0.9031,11238,6
2805,2607.303,4789.8558,19.902802,9322,13699,947,4.7406,0.512,13618,8
2806,4886.5398,167.1275,25.681718,14433,16151,1299,5.044,0.9057,14221,3
2807,3786.5535,2898.9684,40.152296,4467,5579,2512,1.3687,0.4043,8311,7
2808,808.3656,832.5261,18.682577,11459,6730,2189,8.0768,0.2304,7082,9
2809,2384.5058,3561.1039,19.406134,15880,6962,882,6.2088,0.2327,2372,1
2810,3591.6587,879.4597,4.784596,18856,11172,1848,1.4403,0.6623,5017,5
2811,1236.7091,1176.924,45.72923,8285,13948,1976,3.8026,0.5011,6303,3
2812,3203.0795,2471.8591,4.551907,10759,17181,4269,8.1231,0.659,6383,7
2813,3333.0057,4574.1756,32.410494,17666,1958,4569,5.7267,0.6861,6540,8
2814,813.5071,1058.5797,20.659783,10992,19451,2965,1.1756,0.0223,12608,1
2815,2825.4309,721.2087,20.281029,19562,13301,3064,3.7905,0.054,12111,6
2816,3858.1368,3794.8866,33.977624,4512,19065,3129,2.5027,0.5327,11453,6
2817,2494.4833,2503.1027,3.35478,10797,4442,498,5.2229,0.191,6453,7
2818,60.5255,4558.9264,29.68533,3882,13012,2217,8.4493,0.6325,6393,4
2819,45.2023,733.0813,38.601612,15669,19333,989,4.419,0.5522,10778,2
2820,1785.1531,3229.643,41.410655,2414,1102,2609,4.3901,0.5858,4797,0
2821,4630.9711,1164.4034,8.526602,1545,9230,2476,9.063,0.3025,2442,3
2822,1143.3916,783.8106,44.870963,15730,13616,4515,5.8042,0.6398,10892,2
2823,3171.8221,3417.1502,32.807339,4785,14733,1371,5.7053,0.8295,1018,1
2824,1110.3871,2968.4272,44.092752,5627,12367,3589,2.6929,0.9981,4502,5
2825,1608.3567,3774.1397,24.264087,4515,9971,2503,6.1165,0.8384,3048,6
2826,4240.212,1547.3198,27.101713,1146,12993,4810,5.8015,0.5575,13493,9
2827,3644.3099,2239.8638,45.951922,9103,982,179,4.0288,0.1934,10261,6
2828,477.0054,2027.3643,44.995487,11499,16131,1930,9.9079,0.6814,5795,7
2829,2143.5158,4920.4475,22.408099,5451,18816,2549,8.8307,0.9377,13895,1
2830,145.8585,1461.2519,13.720704,17951,8567,4835,7.5209,0.2119,11858,9
2831,2404.4559,1474.0932,19.658582,19390,6350,112,5.4197,0.256,4251,5
2832,3312.1734,1772.7475,19.388278,4508,10729,3220,4.6744,0.149,5948,5
2833,592.5219,2822.9748,14.343415,13536,7549,715,1.9305,0.7367,13155,9
2834,1444.4318,1261.6212,13.429053,4249,18376,1402,3.1268,0.4066,12847,0
2835,1989.1891,4576.4505,43.053161,13524,19313,2925,7.7622,0.0627,8386,1
2836,4597.6559,1328.4352,3.493189,3993,3447,1382,4.5921,0.8749,7392,8
2837,4966.2751,4479.0797,33.880591,8523,12821,3128,8.8345,0.5577,2447,7
2838,224.566,517.3843,8.641085,8028,18954,4909,1.5643,0.3311,14616,3
2839,3805.042,3282.8169,17.22536,11973,2873,3012,5.1326,0.344,7124,5
2840,1858.6266,4534.9285,3.077246,15306,9369,1209,6.505,0.2903,13322,1
2841,1962.297,843.7555,13.498755,10794,1336,3126,5.2168,0.4555,1400,4
2842,3771.3273,4841.6351,38.421077,19362,5414,37,8.9033,0.337,10712,1
2843,4592.133,2264.4223,44.250778,530,16497,1829,9.8967,0.5479,6296,4
2844,4754.6435,4728.5761,11.076435,19277,13424,3061,1.2468,0.7735,12120,6
2845,2885.6172,3384.1034,23.177446,4735,5295,3342,1.3866,0.6745,3688,6
2846,1785.6122,1507.9413,23.516255,13899,10038,3942,1.3902,0.2945,7865,8
2847,3937.7476,941.5207,43.678778,18910,1988,810,6.8437,0.5287,6128,2
2848,1255.0144,1518.6822,38.139976,12986,4830,3073,3.7895,0.8401,13090,3
2849,2820.3745,465.0961,25.65391,13990,18370,4119,7.3598,0.0682,553,8
2850,1792.8987,719.3484,33.537393,2743,11435,1527,4.1142,0.0783,5544,7
2851,3283.1588,523.3112,42.367768,4636,14549,3520,6.3133,0.5562,13835,6
2852,1202.0022,2114.7235,0.477047,4426,16637,4892,7.7216,0.6391,8922,7
2853,957.9728,3977.8939,20.144561,8662,9429,496,5.5273,0.2114,2561,8
2854,4591.1963,706.9264,45.362168,3831,17008,4996,5.4411,0.7452,12190,3
2855,509.0274,651.6109,37.015678,534,3157,425,0.9735,0.6463,5109,4
2856,2529.7945,3217.1483,27.142114,14251,11329,2748,4.1667,0.9233,4267,8
2857,1104.2717,985.9229,26.482273,12248,3390,2066,5.5032,0.169,4946,6
2858,194.6594,488.0592,17.38857,4088,19802,1983,4.6736,0.7514,8986,3
2859,180.1037,834.2512,26.026075,8954,9459,1469,9.0177,0.0836,5685,5
2860,876.1171,4618.6577,32.769194,13294,2946,3801,9.0747,0.5653,8317,0
2861,4333.8531,4107.358,20.91821,9083,9353,1234,8.237,0.5519,8367,0
2862,1412.4009,1770.3293,35.707686,2356,10487,1798,3.8155,0.3884,2552,8
2863,4752.2963,3279.1073,43.061625,1956,8633,565,7.2013,0.8446,3849,7
2864,2908.1156,2686.383,7.734327,2972,2093,3020,4.0134,0.0044,14089,0
2865,2183.0766,3385.6245,22.577406,5540,19090,1305,2.4027,0.5202,3457,1
2866,2900.4484,3413.3589,20.401064,7494,3760,133,3.4947,0.2172,2759,3
2867,2583.4968,3143.6738,34.373271,18057,5113,449,0.8025,0.7435,12032,0
2868,3793.8837,1330.5142,12.493448,2837,16938,1831,3.3846,0.0431,3756,1
2869,1412.4875,195.0417,32.012582,4940,4905,2159,4.6613,0.8316,3643,4
2870,1765.2584,2277.8394,43.874474,3645,13259,3627,9.5593,0.8381,8120,7
